subject,session,wavfile,original_name,stereo_path,response,y_human,s_clap_L,s_clap_R,delta_clap,pred_clap,rms_L,rms_R,pred_rms
yanxingzhuo,1,a001.wav,"sub_Male speech, man speaking_JLKsLx_SGOU_1+Baby cry, infant cry_g9Qah25_yH0_1.wav","D:\D\research\audioset下载\audio_pairs_2s\subcategory_pairs\sub_Male speech, man speaking_JLKsLx_SGOU_1+Baby cry, infant cry_g9Qah25_yH0_1.wav",2,1,0.10626925528049469,0.34620019793510437,-0.23993094265460968,1,0.009167009674191614,0.022531475110939614,1
yanxingzhuo,1,a002.wav,"sub_Female speech, woman speaking_-1LQP2wemiQ_1+Telephone bell ringing_1isuXShxzOY_1.wav","D:\D\research\audioset下载\audio_pairs_2s\subcategory_pairs\sub_Female speech, woman speaking_-1LQP2wemiQ_1+Telephone bell ringing_1isuXShxzOY_1.wav",2,1,0.20875146985054016,0.2653381824493408,-0.05658671259880066,1,0.017467544211007387,0.03609646116992179,1
yanxingzhuo,1,a003.wav,sub_Helicopter_rzxqz7XqLHA_1+Sad music_dsibOgkezN8_1.wav,D:\D\research\audioset下载\audio_pairs_2s\subcategory_pairs\sub_Helicopter_rzxqz7XqLHA_1+Sad music_dsibOgkezN8_1.wav,1,0,0.00801524706184864,0.2151850461959839,-0.20716979913413525,1,0.020079898992972186,0.02658915691660165,1
yanxingzhuo,1,a004.wav,"sub_Male speech, man speaking_BuIMVqz85uk_1+Helicopter_5slM2JWYnBw_1.wav","D:\D\research\audioset下载\audio_pairs_2s\subcategory_pairs\sub_Male speech, man speaking_BuIMVqz85uk_1+Helicopter_5slM2JWYnBw_1.wav",2,1,0.22208231687545776,0.12392202019691467,0.09816029667854309,0,0.034384155084835534,0.027147148312238953,0
yanxingzhuo,1,a005.wav,"sub_Male speech, man speaking_Fihamhv6TJo_1+Computer keyboard_4O-dYCrVKLY_1.wav","D:\D\research\audioset下载\audio_pairs_2s\subcategory_pairs\sub_Male speech, man speaking_Fihamhv6TJo_1+Computer keyboard_4O-dYCrVKLY_1.wav",1,0,0.12907478213310242,0.17508554458618164,-0.046010762453079224,1,0.02744716012223882,0.016282165617939482,0
yanxingzhuo,1,a006.wav,"sub_Helicopter_GO_1gBjIR1c_1+Male speech, man speaking_Fihamhv6TJo_1.wav","D:\D\research\audioset下载\audio_pairs_2s\subcategory_pairs\sub_Helicopter_GO_1gBjIR1c_1+Male speech, man speaking_Fihamhv6TJo_1.wav",2,1,0.19670447707176208,0.12907478213310242,0.06762969493865967,0,0.04695372131513407,0.02744716012223882,0
yanxingzhuo,1,a007.wav,"sub_Baby cry, infant cry_UFcUTwPlFAU_1+Bass drum_mHRF_-IOT2s_1.wav","D:\D\research\audioset下载\audio_pairs_2s\subcategory_pairs\sub_Baby cry, infant cry_UFcUTwPlFAU_1+Bass drum_mHRF_-IOT2s_1.wav",1,0,0.3021028935909271,0.15502899885177612,0.147073894739151,0,0.03210689261674738,0.0245993923397595,0
yanxingzhuo,1,a008.wav,"sub_Baby cry, infant cry_ypmfbwrqL4s_1+Bass drum_JesyktMT-Dk_1.wav","D:\D\research\audioset下载\audio_pairs_2s\subcategory_pairs\sub_Baby cry, infant cry_ypmfbwrqL4s_1+Bass drum_JesyktMT-Dk_1.wav",2,1,0.3533092737197876,0.1732480674982071,0.1800612062215805,0,0.03561908324408149,0.02185939767935835,0
yanxingzhuo,1,a009.wav,"sub_Helicopter_EOKUV6hgMhM_1+Baby cry, infant cry_ypmfbwrqL4s_1.wav","D:\D\research\audioset下载\audio_pairs_2s\subcategory_pairs\sub_Helicopter_EOKUV6hgMhM_1+Baby cry, infant cry_ypmfbwrqL4s_1.wav",1,0,0.22658462822437286,0.3533092737197876,-0.12672464549541473,1,0.016602581913552707,0.03561908324408149,1
yanxingzhuo,1,a010.wav,"sub_Female speech, woman speaking_EQ91XVsmq-I_1+Telephone bell ringing_8UQI59N-bAs_1.wav","D:\D\research\audioset下载\audio_pairs_2s\subcategory_pairs\sub_Female speech, woman speaking_EQ91XVsmq-I_1+Telephone bell ringing_8UQI59N-bAs_1.wav",2,1,0.24911892414093018,0.19591394066810608,0.0532049834728241,0,0.027686756367876732,0.024386343738287998,0
yanxingzhuo,1,a011.wav,sub_Telephone bell ringing_EEhnuLFYehU_1+Bass drum_9tBOegUHrL0_1.wav,D:\D\research\audioset下载\audio_pairs_2s\subcategory_pairs\sub_Telephone bell ringing_EEhnuLFYehU_1+Bass drum_9tBOegUHrL0_1.wav,2,1,0.22332578897476196,0.1693619042634964,0.053963884711265564,0,0.014630782429752312,0.03236642745502604,1
yanxingzhuo,1,a012.wav,"sub_Helicopter_rzxqz7XqLHA_1+Baby cry, infant cry_dIIiaO12I5Q_1.wav","D:\D\research\audioset下载\audio_pairs_2s\subcategory_pairs\sub_Helicopter_rzxqz7XqLHA_1+Baby cry, infant cry_dIIiaO12I5Q_1.wav",2,1,0.00801524706184864,0.32512813806533813,-0.3171128910034895,1,0.020079898992972186,0.029880779617539956,1
yanxingzhuo,1,a013.wav,"sub_Baby cry, infant cry_wVVBhbrnj9s_1+Bass drum_uNpSMpqlkMA_1.wav","D:\D\research\audioset下载\audio_pairs_2s\subcategory_pairs\sub_Baby cry, infant cry_wVVBhbrnj9s_1+Bass drum_uNpSMpqlkMA_1.wav",2,1,0.2693762183189392,0.24160143733024597,0.027774780988693237,0,0.029695993992929506,0.014815168932340072,0
yanxingzhuo,1,a014.wav,"sub_Baby cry, infant cry_UFcUTwPlFAU_1+Male speech, man speaking_H85puQUqrQY_1.wav","D:\D\research\audioset下载\audio_pairs_2s\subcategory_pairs\sub_Baby cry, infant cry_UFcUTwPlFAU_1+Male speech, man speaking_H85puQUqrQY_1.wav",2,1,0.3021028935909271,0.2335149198770523,0.06858797371387482,0,0.03210689261674738,0.012301038367430928,0
yanxingzhuo,1,a015.wav,sub_Helicopter_9nsLTLNvOSw_1+Bass drum_-bJPDtT31p0_1.wav,D:\D\research\audioset下载\audio_pairs_2s\subcategory_pairs\sub_Helicopter_9nsLTLNvOSw_1+Bass drum_-bJPDtT31p0_1.wav,2,1,0.2349580079317093,0.1344626247882843,0.10049538314342499,0,0.02953913877489413,0.026194569256150588,0
yanxingzhuo,1,a016.wav,"sub_Bass drum_uNpSMpqlkMA_1+Baby cry, infant cry_wVVBhbrnj9s_1.wav","D:\D\research\audioset下载\audio_pairs_2s\subcategory_pairs\sub_Bass drum_uNpSMpqlkMA_1+Baby cry, infant cry_wVVBhbrnj9s_1.wav",2,1,0.24160143733024597,0.2693762183189392,-0.027774780988693237,1,0.014815168932340072,0.029695993992929506,1
yanxingzhuo,1,a017.wav,"sub_Female speech, woman speaking_lO1rUT_MTjk_1+Bass drum_3k8zGf8Btfo_1.wav","D:\D\research\audioset下载\audio_pairs_2s\subcategory_pairs\sub_Female speech, woman speaking_lO1rUT_MTjk_1+Bass drum_3k8zGf8Btfo_1.wav",1,0,0.33074361085891724,0.20558224618434906,0.12516136467456818,0,0.02667689995972267,0.0246707653126498,0
yanxingzhuo,1,a018.wav,sub_Sad music_6CaZAITdAsk_1+Telephone bell ringing_JUL2kqVi4qI_1.wav,D:\D\research\audioset下载\audio_pairs_2s\subcategory_pairs\sub_Sad music_6CaZAITdAsk_1+Telephone bell ringing_JUL2kqVi4qI_1.wav,2,1,0.20593127608299255,0.242732435464859,-0.036801159381866455,1,0.034457693973890785,0.03142276891838854,0
yanxingzhuo,1,a019.wav,"sub_Female speech, woman speaking_J5_m9Ee6A6M_1+Baby cry, infant cry_2eWobSpugTw_1.wav","D:\D\research\audioset下载\audio_pairs_2s\subcategory_pairs\sub_Female speech, woman speaking_J5_m9Ee6A6M_1+Baby cry, infant cry_2eWobSpugTw_1.wav",2,1,0.06107553094625473,0.36616450548171997,-0.30508897453546524,1,0.008221909032821417,0.017638425939089094,1
yanxingzhuo,1,a020.wav,"sub_Baby cry, infant cry_s_Le6PwhssI_1+Sad music_lmrzR9cSMRY_1.wav","D:\D\research\audioset下载\audio_pairs_2s\subcategory_pairs\sub_Baby cry, infant cry_s_Le6PwhssI_1+Sad music_lmrzR9cSMRY_1.wav",2,1,0.32947874069213867,0.15623514354228973,0.17324359714984894,0,0.02123882576390495,0.027547265220659412,1
yanxingzhuo,1,a021.wav,sub_Computer keyboard_8evHpuXTcgM_1+Sad music_T0oF8MyYhBM_1.wav,D:\D\research\audioset下载\audio_pairs_2s\subcategory_pairs\sub_Computer keyboard_8evHpuXTcgM_1+Sad music_T0oF8MyYhBM_1.wav,2,1,-0.03387540578842163,0.2158471643924713,-0.24972257018089294,1,0.011549582379851335,0.033650112084658186,1
yanxingzhuo,1,a022.wav,"sub_Male speech, man speaking_QNRche7AZkM_1+Helicopter_R2Aq_j1TDSs_1.wav","D:\D\research\audioset下载\audio_pairs_2s\subcategory_pairs\sub_Male speech, man speaking_QNRche7AZkM_1+Helicopter_R2Aq_j1TDSs_1.wav",2,1,0.23521149158477783,0.17155446112155914,0.06365703046321869,0,0.022952383940606072,0.03577077406509107,1
yanxingzhuo,1,a023.wav,sub_Helicopter_BNrmXcZQ-p4_1+Telephone bell ringing_Qtpn66PvyUA_1.wav,D:\D\research\audioset下载\audio_pairs_2s\subcategory_pairs\sub_Helicopter_BNrmXcZQ-p4_1+Telephone bell ringing_Qtpn66PvyUA_1.wav,1,0,0.20046581327915192,0.17218750715255737,0.028278306126594543,0,0.03015510155372596,0.019963718770951117,0
yanxingzhuo,1,a024.wav,"sub_Helicopter_X76DCP7SCR0_1+Baby cry, infant cry_StO32FBBIH4_1.wav","D:\D\research\audioset下载\audio_pairs_2s\subcategory_pairs\sub_Helicopter_X76DCP7SCR0_1+Baby cry, infant cry_StO32FBBIH4_1.wav",2,1,0.17519816756248474,0.2973054051399231,-0.12210723757743835,1,0.013568852471902638,0.030336070083123817,1
yanxingzhuo,1,a025.wav,"sub_Computer keyboard_66eFB3sy7Bw_1+Male speech, man speaking_H85puQUqrQY_1.wav","D:\D\research\audioset下载\audio_pairs_2s\subcategory_pairs\sub_Computer keyboard_66eFB3sy7Bw_1+Male speech, man speaking_H85puQUqrQY_1.wav",2,1,0.26343226432800293,0.2335149198770523,0.029917344450950623,0,0.022719664422401392,0.012301038367430928,0
yanxingzhuo,1,a026.wav,"sub_Male speech, man speaking_Ky8aKwI522Q_1+Telephone bell ringing_HhP9eZ8cNIY_1.wav","D:\D\research\audioset下载\audio_pairs_2s\subcategory_pairs\sub_Male speech, man speaking_Ky8aKwI522Q_1+Telephone bell ringing_HhP9eZ8cNIY_1.wav",2,1,0.09816574305295944,0.18631279468536377,-0.08814705163240433,1,0.019951914097412596,0.026080087313384768,1
yanxingzhuo,1,a027.wav,"sub_Female speech, woman speaking_a7WAfwKi88Q_1+Bass drum_ZuBxMCk0cco_1.wav","D:\D\research\audioset下载\audio_pairs_2s\subcategory_pairs\sub_Female speech, woman speaking_a7WAfwKi88Q_1+Bass drum_ZuBxMCk0cco_1.wav",1,0,0.11717846989631653,0.3037988245487213,-0.18662035465240479,1,0.02096864244393639,0.02588605783852958,1
yanxingzhuo,1,a028.wav,sub_Sad music_OaV-ZyjNDFE_1+Computer keyboard_66eFB3sy7Bw_1.wav,D:\D\research\audioset下载\audio_pairs_2s\subcategory_pairs\sub_Sad music_OaV-ZyjNDFE_1+Computer keyboard_66eFB3sy7Bw_1.wav,1,0,0.06866730004549026,0.26343226432800293,-0.19476496428251266,1,0.0316552433205264,0.022719664422401392,0
yanxingzhuo,1,a029.wav,"sub_Telephone bell ringing_HhP9eZ8cNIY_1+Male speech, man speaking_Ky8aKwI522Q_1.wav","D:\D\research\audioset下载\audio_pairs_2s\subcategory_pairs\sub_Telephone bell ringing_HhP9eZ8cNIY_1+Male speech, man speaking_Ky8aKwI522Q_1.wav",2,1,0.18631279468536377,0.09816574305295944,0.08814705163240433,0,0.026080087313384768,0.019951914097412596,0
yanxingzhuo,1,a030.wav,"sub_Helicopter_4A3_lLVLpUg_1+Female speech, woman speaking_LrcvUfmRN8k_1.wav","D:\D\research\audioset下载\audio_pairs_2s\subcategory_pairs\sub_Helicopter_4A3_lLVLpUg_1+Female speech, woman speaking_LrcvUfmRN8k_1.wav",1,0,0.10075502842664719,0.2578538656234741,-0.15709883719682693,1,0.02984095453096978,0.020230268639673542,0
yanxingzhuo,1,a031.wav,"sub_Helicopter_6_NEAEGeFIw_1+Male speech, man speaking_mZ_z2lorJeY_1.wav","D:\D\research\audioset下载\audio_pairs_2s\subcategory_pairs\sub_Helicopter_6_NEAEGeFIw_1+Male speech, man speaking_mZ_z2lorJeY_1.wav",1,0,0.1179148480296135,-0.02197234332561493,0.13988719135522842,0,0.03224426745635446,0.01995634221517222,0
yanxingzhuo,1,a032.wav,sub_Helicopter_jkvXuu8XltI_1+Bass drum_YnL6TJ_t068_1.wav,D:\D\research\audioset下载\audio_pairs_2s\subcategory_pairs\sub_Helicopter_jkvXuu8XltI_1+Bass drum_YnL6TJ_t068_1.wav,2,1,0.11986648291349411,0.167755126953125,-0.04788864403963089,1,0.043444815280350046,0.017973152554863234,0
yanxingzhuo,1,a033.wav,"sub_Bass drum_oBsTZmqrpFQ_1+Male speech, man speaking_BuIMVqz85uk_1.wav","D:\D\research\audioset下载\audio_pairs_2s\subcategory_pairs\sub_Bass drum_oBsTZmqrpFQ_1+Male speech, man speaking_BuIMVqz85uk_1.wav",2,1,0.15396779775619507,0.22208231687545776,-0.0681145191192627,1,0.033185759744709366,0.034384155084835534,1
yanxingzhuo,1,a034.wav,"sub_Sad music_qZkM3QaeaUM_1+Baby cry, infant cry_XZ5oHxjfHKY_1.wav","D:\D\research\audioset下载\audio_pairs_2s\subcategory_pairs\sub_Sad music_qZkM3QaeaUM_1+Baby cry, infant cry_XZ5oHxjfHKY_1.wav",2,1,0.1707686483860016,0.3260090947151184,-0.15524044632911682,1,0.028783565108194607,0.012037681483777415,0
yanxingzhuo,1,a035.wav,"sub_Baby cry, infant cry_dIIiaO12I5Q_1+Computer keyboard_4O-dYCrVKLY_1.wav","D:\D\research\audioset下载\audio_pairs_2s\subcategory_pairs\sub_Baby cry, infant cry_dIIiaO12I5Q_1+Computer keyboard_4O-dYCrVKLY_1.wav",2,1,0.32512813806533813,0.17508554458618164,0.1500425934791565,0,0.029880779617539956,0.016282165617939482,0
yanxingzhuo,1,a036.wav,"sub_Computer keyboard_Jz5wulRv1Ps_1+Female speech, woman speaking_HPfBYRU8tVM_1.wav","D:\D\research\audioset下载\audio_pairs_2s\subcategory_pairs\sub_Computer keyboard_Jz5wulRv1Ps_1+Female speech, woman speaking_HPfBYRU8tVM_1.wav",2,1,0.05724233761429787,0.2102241814136505,-0.15298184379935265,1,0.012851288245006153,0.027981318023461578,1
yanxingzhuo,1,a037.wav,"sub_Male speech, man speaking_bO6gUBBcniY_1+Helicopter_Wr44Q8MQHL0_1.wav","D:\D\research\audioset下载\audio_pairs_2s\subcategory_pairs\sub_Male speech, man speaking_bO6gUBBcniY_1+Helicopter_Wr44Q8MQHL0_1.wav",2,1,0.16679570078849792,0.07292193174362183,0.0938737690448761,0,0.027914524189952532,0.03258769751000481,1
yanxingzhuo,1,a038.wav,"sub_Telephone bell ringing_TYc_q463LvA_1+Female speech, woman speaking_ytUznPL6d4E_1.wav","D:\D\research\audioset下载\audio_pairs_2s\subcategory_pairs\sub_Telephone bell ringing_TYc_q463LvA_1+Female speech, woman speaking_ytUznPL6d4E_1.wav",2,1,0.19335827231407166,0.13982096314430237,0.05353730916976929,0,0.028891460415676723,0.029289292324969775,1
yanxingzhuo,1,a039.wav,"sub_Female speech, woman speaking_HPfBYRU8tVM_1+Baby cry, infant cry_ypmfbwrqL4s_1.wav","D:\D\research\audioset下载\audio_pairs_2s\subcategory_pairs\sub_Female speech, woman speaking_HPfBYRU8tVM_1+Baby cry, infant cry_ypmfbwrqL4s_1.wav",2,1,0.2102241814136505,0.3533092737197876,-0.14308509230613708,1,0.027981318023461578,0.03561908324408149,1
yanxingzhuo,1,a040.wav,sub_Computer keyboard_YUcV-grp898_1+Telephone bell ringing_TYc_q463LvA_1.wav,D:\D\research\audioset下载\audio_pairs_2s\subcategory_pairs\sub_Computer keyboard_YUcV-grp898_1+Telephone bell ringing_TYc_q463LvA_1.wav,2,1,0.24475392699241638,0.19335827231407166,0.05139565467834473,0,0.0015552846650162193,0.028891460415676723,1
yanxingzhuo,1,a041.wav,"sub_Telephone bell ringing_EEhnuLFYehU_1+Female speech, woman speaking_lAznHBBQkp4_1.wav","D:\D\research\audioset下载\audio_pairs_2s\subcategory_pairs\sub_Telephone bell ringing_EEhnuLFYehU_1+Female speech, woman speaking_lAznHBBQkp4_1.wav",1,0,0.22332578897476196,0.23681506514549255,-0.01348927617073059,1,0.014630782429752312,0.023978382327917692,1
yanxingzhuo,1,a042.wav,"sub_Baby cry, infant cry_QyJ4Z0jRJ20_1+Male speech, man speaking_BuIMVqz85uk_1.wav","D:\D\research\audioset下载\audio_pairs_2s\subcategory_pairs\sub_Baby cry, infant cry_QyJ4Z0jRJ20_1+Male speech, man speaking_BuIMVqz85uk_1.wav",2,1,0.3034319281578064,0.22208231687545776,0.08134961128234863,0,0.019458638784637293,0.034384155084835534,1
yanxingzhuo,1,a043.wav,sub_Sad music_dsibOgkezN8_1+Helicopter_rzxqz7XqLHA_1.wav,D:\D\research\audioset下载\audio_pairs_2s\subcategory_pairs\sub_Sad music_dsibOgkezN8_1+Helicopter_rzxqz7XqLHA_1.wav,1,0,0.2151850461959839,0.00801524706184864,0.20716979913413525,0,0.02658915691660165,0.020079898992972186,0
yanxingzhuo,1,a044.wav,sub_Bass drum_ZuBxMCk0cco_1+Helicopter_R1zoAMguO3A_1.wav,D:\D\research\audioset下载\audio_pairs_2s\subcategory_pairs\sub_Bass drum_ZuBxMCk0cco_1+Helicopter_R1zoAMguO3A_1.wav,2,1,0.3037988245487213,0.2648676037788391,0.0389312207698822,0,0.02588605783852958,0.03446795801768726,1
yanxingzhuo,1,a045.wav,sub_Bass drum_CeA8--FUxYg_1+Computer keyboard_VQbC7Oth7wQ_1.wav,D:\D\research\audioset下载\audio_pairs_2s\subcategory_pairs\sub_Bass drum_CeA8--FUxYg_1+Computer keyboard_VQbC7Oth7wQ_1.wav,1,0,0.16762380301952362,0.2045033723115921,-0.03687956929206848,1,0.019618701383368096,0.01854362207590696,0
yanxingzhuo,1,a046.wav,"sub_Baby cry, infant cry_PyXQVNaAbHc_1+Sad music_bt8iHoIf2mo_1.wav","D:\D\research\audioset下载\audio_pairs_2s\subcategory_pairs\sub_Baby cry, infant cry_PyXQVNaAbHc_1+Sad music_bt8iHoIf2mo_1.wav",2,1,0.32274121046066284,0.1510903537273407,0.17165085673332214,0,0.02118521588029352,0.03931063727766966,1
yanxingzhuo,1,a047.wav,sub_Computer keyboard_VQbC7Oth7wQ_1+Bass drum_CeA8--FUxYg_1.wav,D:\D\research\audioset下载\audio_pairs_2s\subcategory_pairs\sub_Computer keyboard_VQbC7Oth7wQ_1+Bass drum_CeA8--FUxYg_1.wav,2,1,0.2045033723115921,0.16762380301952362,0.03687956929206848,0,0.01854362207590696,0.019618701383368096,1
yanxingzhuo,1,a048.wav,"sub_Sad music_giPa2vVEyVc_1+Baby cry, infant cry_K8On7nUJuP8_1.wav","D:\D\research\audioset下载\audio_pairs_2s\subcategory_pairs\sub_Sad music_giPa2vVEyVc_1+Baby cry, infant cry_K8On7nUJuP8_1.wav",2,1,0.2772318720817566,0.40241000056266785,-0.12517812848091125,1,0.027422134855894575,0.022750498882331223,0
yanxingzhuo,1,a049.wav,"sub_Male speech, man speaking_Ky8aKwI522Q_1+Computer keyboard_whOLzTgCJds_1.wav","D:\D\research\audioset下载\audio_pairs_2s\subcategory_pairs\sub_Male speech, man speaking_Ky8aKwI522Q_1+Computer keyboard_whOLzTgCJds_1.wav",1,0,0.09816574305295944,0.17951758205890656,-0.08135183900594711,1,0.019951914097412596,0.017542052869595218,0
yanxingzhuo,1,a050.wav,"sub_Female speech, woman speaking_HPfBYRU8tVM_1+Sad music_I0q3IGmTkRo_1.wav","D:\D\research\audioset下载\audio_pairs_2s\subcategory_pairs\sub_Female speech, woman speaking_HPfBYRU8tVM_1+Sad music_I0q3IGmTkRo_1.wav",1,0,0.2102241814136505,0.167400062084198,0.042824119329452515,0,0.027981318023461578,0.03734753911287748,1
yanxingzhuo,1,a051.wav,sub_Computer keyboard_rTh92nlG9io_1+Sad music_3OUNEL8XaR0_1.wav,D:\D\research\audioset下载\audio_pairs_2s\subcategory_pairs\sub_Computer keyboard_rTh92nlG9io_1+Sad music_3OUNEL8XaR0_1.wav,1,0,0.09708543121814728,0.10246409475803375,-0.005378663539886475,1,0.013735322247026793,0.02139235905130801,1
yanxingzhuo,1,a052.wav,sub_Computer keyboard_VQbC7Oth7wQ_1+Telephone bell ringing_N2jZmXePKV0_1.wav,D:\D\research\audioset下载\audio_pairs_2s\subcategory_pairs\sub_Computer keyboard_VQbC7Oth7wQ_1+Telephone bell ringing_N2jZmXePKV0_1.wav,1,0,0.2045033723115921,0.19966700673103333,0.004836365580558777,0,0.01854362207590696,0.01948435864164277,1
yanxingzhuo,1,a053.wav,sub_Bass drum_1wqJ9KDfcME_1+Helicopter_BNrmXcZQ-p4_1.wav,D:\D\research\audioset下载\audio_pairs_2s\subcategory_pairs\sub_Bass drum_1wqJ9KDfcME_1+Helicopter_BNrmXcZQ-p4_1.wav,2,1,0.19596613943576813,0.20046581327915192,-0.004499673843383789,1,0.020648628269157157,0.03015510155372596,1
yanxingzhuo,1,a054.wav,"sub_Baby cry, infant cry_UFcUTwPlFAU_1+Female speech, woman speaking_2ofK2gAQue4_1.wav","D:\D\research\audioset下载\audio_pairs_2s\subcategory_pairs\sub_Baby cry, infant cry_UFcUTwPlFAU_1+Female speech, woman speaking_2ofK2gAQue4_1.wav",1,0,0.3021028935909271,0.22387957572937012,0.078223317861557,0,0.03210689261674738,0.006277651219279194,0
yanxingzhuo,1,a055.wav,"sub_Baby cry, infant cry_Zm-sQnazFAQ_1+Female speech, woman speaking_QXnJ2manIdI_1.wav","D:\D\research\audioset下载\audio_pairs_2s\subcategory_pairs\sub_Baby cry, infant cry_Zm-sQnazFAQ_1+Female speech, woman speaking_QXnJ2manIdI_1.wav",1,0,0.3335641920566559,0.17333272099494934,0.16023147106170654,0,0.029361426265011495,0.019135637900501747,0
yanxingzhuo,1,a056.wav,"sub_Computer keyboard_4O-dYCrVKLY_1+Baby cry, infant cry_dIIiaO12I5Q_1.wav","D:\D\research\audioset下载\audio_pairs_2s\subcategory_pairs\sub_Computer keyboard_4O-dYCrVKLY_1+Baby cry, infant cry_dIIiaO12I5Q_1.wav",2,1,0.17508554458618164,0.32512813806533813,-0.1500425934791565,1,0.016282165617939482,0.029880779617539956,1
yanxingzhuo,1,a057.wav,sub_Computer keyboard_P9qEFBa2s8Q_1+Telephone bell ringing_P-QOd_28o9c_1.wav,D:\D\research\audioset下载\audio_pairs_2s\subcategory_pairs\sub_Computer keyboard_P9qEFBa2s8Q_1+Telephone bell ringing_P-QOd_28o9c_1.wav,2,1,0.07968397438526154,-0.07122160494327545,0.150905579328537,0,0.017288184468420606,0.02489902672598854,1
yanxingzhuo,1,a058.wav,"sub_Baby cry, infant cry_StO32FBBIH4_1+Helicopter_X76DCP7SCR0_1.wav","D:\D\research\audioset下载\audio_pairs_2s\subcategory_pairs\sub_Baby cry, infant cry_StO32FBBIH4_1+Helicopter_X76DCP7SCR0_1.wav",1,0,0.2973054051399231,0.17519816756248474,0.12210723757743835,0,0.030336070083123817,0.013568852471902638,0
yanxingzhuo,1,a059.wav,"sub_Computer keyboard_iyroRIRrXUw_1+Male speech, man speaking_mZ_z2lorJeY_1.wav","D:\D\research\audioset下载\audio_pairs_2s\subcategory_pairs\sub_Computer keyboard_iyroRIRrXUw_1+Male speech, man speaking_mZ_z2lorJeY_1.wav",2,1,0.14235903322696686,-0.02197234332561493,0.1643313765525818,0,0.00704593463919413,0.01995634221517222,1
yanxingzhuo,1,a060.wav,"sub_Baby cry, infant cry_QhUa5vXLlCI_1+Computer keyboard_PuvTDLP8lwM_1.wav","D:\D\research\audioset下载\audio_pairs_2s\subcategory_pairs\sub_Baby cry, infant cry_QhUa5vXLlCI_1+Computer keyboard_PuvTDLP8lwM_1.wav",1,0,0.20123791694641113,0.09532952308654785,0.10590839385986328,0,0.035361207469240014,0.013868379556728266,0
yanxingzhuo,1,a061.wav,"sub_Male speech, man speaking_GnmgSQq6E54_1+Computer keyboard_uLdRi__nG2c_1.wav","D:\D\research\audioset下载\audio_pairs_2s\subcategory_pairs\sub_Male speech, man speaking_GnmgSQq6E54_1+Computer keyboard_uLdRi__nG2c_1.wav",2,1,0.27065181732177734,0.1435331106185913,0.12711870670318604,0,0.01850078388162459,0.009341872385155802,0
yanxingzhuo,1,a062.wav,"sub_Helicopter_h5NTDVXiTiI_1+Female speech, woman speaking_a7WAfwKi88Q_1.wav","D:\D\research\audioset下载\audio_pairs_2s\subcategory_pairs\sub_Helicopter_h5NTDVXiTiI_1+Female speech, woman speaking_a7WAfwKi88Q_1.wav",2,1,0.1642274558544159,0.11717846989631653,0.047048985958099365,0,0.03015065387042272,0.02096864244393639,0
yanxingzhuo,1,a063.wav,"sub_Female speech, woman speaking_QXnJ2manIdI_1+Telephone bell ringing_TRgs9jv8ah0_1.wav","D:\D\research\audioset下载\audio_pairs_2s\subcategory_pairs\sub_Female speech, woman speaking_QXnJ2manIdI_1+Telephone bell ringing_TRgs9jv8ah0_1.wav",2,1,0.17333272099494934,0.20252373814582825,-0.029191017150878906,1,0.019135637900501747,0.03386082589034153,1
yanxingzhuo,1,a064.wav,"sub_Baby cry, infant cry_UFcUTwPlFAU_1+Helicopter_xY4YrFk_PI8_1.wav","D:\D\research\audioset下载\audio_pairs_2s\subcategory_pairs\sub_Baby cry, infant cry_UFcUTwPlFAU_1+Helicopter_xY4YrFk_PI8_1.wav",1,0,0.3021028935909271,0.19636589288711548,0.10573700070381165,0,0.03210689261674738,0.034454023038013704,1
yanxingzhuo,1,a065.wav,"sub_Sad music_vp6p45b-038_1+Baby cry, infant cry_StO32FBBIH4_1.wav","D:\D\research\audioset下载\audio_pairs_2s\subcategory_pairs\sub_Sad music_vp6p45b-038_1+Baby cry, infant cry_StO32FBBIH4_1.wav",1,0,0.132741317152977,0.2973054051399231,-0.1645640879869461,1,0.029591921437119188,0.030336070083123817,1
yanxingzhuo,1,a066.wav,sub_Telephone bell ringing_TYc_q463LvA_1+Sad music_qZkM3QaeaUM_1.wav,D:\D\research\audioset下载\audio_pairs_2s\subcategory_pairs\sub_Telephone bell ringing_TYc_q463LvA_1+Sad music_qZkM3QaeaUM_1.wav,2,1,0.19335827231407166,0.1707686483860016,0.02258962392807007,0,0.028891460415676723,0.028783565108194607,0
yanxingzhuo,1,a067.wav,"sub_Sad music_6CaZAITdAsk_1+Baby cry, infant cry_QyJ4Z0jRJ20_1.wav","D:\D\research\audioset下载\audio_pairs_2s\subcategory_pairs\sub_Sad music_6CaZAITdAsk_1+Baby cry, infant cry_QyJ4Z0jRJ20_1.wav",2,1,0.20593127608299255,0.3034319281578064,-0.09750065207481384,1,0.034457693973890785,0.019458638784637293,0
yanxingzhuo,1,a068.wav,"sub_Sad music_UzDVZzIIcy8_1+Female speech, woman speaking_vuD0qyibQyQ_1.wav","D:\D\research\audioset下载\audio_pairs_2s\subcategory_pairs\sub_Sad music_UzDVZzIIcy8_1+Female speech, woman speaking_vuD0qyibQyQ_1.wav",2,1,0.11867983639240265,0.15355730056762695,-0.034877464175224304,1,0.03628547419578216,0.027836392522283607,0
yanxingzhuo,1,a069.wav,sub_Computer keyboard_66eFB3sy7Bw_1+Sad music_OaV-ZyjNDFE_1.wav,D:\D\research\audioset下载\audio_pairs_2s\subcategory_pairs\sub_Computer keyboard_66eFB3sy7Bw_1+Sad music_OaV-ZyjNDFE_1.wav,2,1,0.26343226432800293,0.06866730004549026,0.19476496428251266,0,0.022719664422401392,0.0316552433205264,1
yanxingzhuo,1,a070.wav,sub_Sad music_giPa2vVEyVc_1+Helicopter_5slM2JWYnBw_1.wav,D:\D\research\audioset下载\audio_pairs_2s\subcategory_pairs\sub_Sad music_giPa2vVEyVc_1+Helicopter_5slM2JWYnBw_1.wav,1,0,0.2772318720817566,0.12392202019691467,0.15330985188484192,0,0.027422134855894575,0.027147148312238953,0
yanxingzhuo,1,a071.wav,"sub_Female speech, woman speaking_EQ91XVsmq-I_1+Baby cry, infant cry_XZ5oHxjfHKY_1.wav","D:\D\research\audioset下载\audio_pairs_2s\subcategory_pairs\sub_Female speech, woman speaking_EQ91XVsmq-I_1+Baby cry, infant cry_XZ5oHxjfHKY_1.wav",1,0,0.24911892414093018,0.3260090947151184,-0.07689017057418823,1,0.027686756367876732,0.012037681483777415,0
yanxingzhuo,1,a072.wav,"sub_Baby cry, infant cry_Zm-sQnazFAQ_1+Helicopter_z4HX8-du2nQ_1.wav","D:\D\research\audioset下载\audio_pairs_2s\subcategory_pairs\sub_Baby cry, infant cry_Zm-sQnazFAQ_1+Helicopter_z4HX8-du2nQ_1.wav",1,0,0.3335641920566559,0.2374526411294937,0.09611155092716217,0,0.029361426265011495,0.0337619871616582,1
yanxingzhuo,1,a073.wav,"sub_Baby cry, infant cry_dIIiaO12I5Q_1+Sad music_y_toDfeACWE_1.wav","D:\D\research\audioset下载\audio_pairs_2s\subcategory_pairs\sub_Baby cry, infant cry_dIIiaO12I5Q_1+Sad music_y_toDfeACWE_1.wav",1,0,0.32512813806533813,0.13569843769073486,0.18942970037460327,0,0.029880779617539956,0.016866205905453416,0
yanxingzhuo,1,a074.wav,sub_Helicopter_W3u2hj1x7gY_1+Bass drum_J6T4OwacRL0_1.wav,D:\D\research\audioset下载\audio_pairs_2s\subcategory_pairs\sub_Helicopter_W3u2hj1x7gY_1+Bass drum_J6T4OwacRL0_1.wav,1,0,0.2960547208786011,0.15612220764160156,0.1399325132369995,0,0.025070262424948236,0.027513031138971057,1
yanxingzhuo,1,a075.wav,"sub_Bass drum_pSlVtxLOYiM_1+Male speech, man speaking_JLKsLx_SGOU_1.wav","D:\D\research\audioset下载\audio_pairs_2s\subcategory_pairs\sub_Bass drum_pSlVtxLOYiM_1+Male speech, man speaking_JLKsLx_SGOU_1.wav",2,1,0.1790561079978943,0.10626925528049469,0.0727868527173996,0,0.02043919567514078,0.009167009674191614,0
yanxingzhuo,1,a076.wav,sub_Sad music_lmrzR9cSMRY_1+Telephone bell ringing_nBA65g90mnA_1.wav,D:\D\research\audioset下载\audio_pairs_2s\subcategory_pairs\sub_Sad music_lmrzR9cSMRY_1+Telephone bell ringing_nBA65g90mnA_1.wav,1,0,0.15623514354228973,0.264318585395813,-0.10808344185352325,1,0.027547265220659412,0.011962978857016382,0
yanxingzhuo,1,a077.wav,"sub_Baby cry, infant cry_g9Qah25_yH0_1+Male speech, man speaking_JLKsLx_SGOU_1.wav","D:\D\research\audioset下载\audio_pairs_2s\subcategory_pairs\sub_Baby cry, infant cry_g9Qah25_yH0_1+Male speech, man speaking_JLKsLx_SGOU_1.wav",1,0,0.34620019793510437,0.10626925528049469,0.23993094265460968,0,0.022531475110939614,0.009167009674191614,0
yanxingzhuo,1,a078.wav,"sub_Bass drum_y0TDJyuco0I_1+Female speech, woman speaking_-fAGzY9rnaA_1.wav","D:\D\research\audioset下载\audio_pairs_2s\subcategory_pairs\sub_Bass drum_y0TDJyuco0I_1+Female speech, woman speaking_-fAGzY9rnaA_1.wav",2,1,0.12885376811027527,0.08587349951267242,0.042980268597602844,0,0.027004778406769226,0.02882286503977782,1
yanxingzhuo,1,a079.wav,sub_Bass drum_2qGjgfpQtFI_1+Computer keyboard_MQtUV_cFcm8_1.wav,D:\D\research\audioset下载\audio_pairs_2s\subcategory_pairs\sub_Bass drum_2qGjgfpQtFI_1+Computer keyboard_MQtUV_cFcm8_1.wav,1,0,0.23250363767147064,0.056705161929130554,0.1757984757423401,0,0.03059836853277941,0.02525583930582542,0
yanxingzhuo,1,a080.wav,sub_Telephone bell ringing_P-QOd_28o9c_1+Computer keyboard_P9qEFBa2s8Q_1.wav,D:\D\research\audioset下载\audio_pairs_2s\subcategory_pairs\sub_Telephone bell ringing_P-QOd_28o9c_1+Computer keyboard_P9qEFBa2s8Q_1.wav,1,0,-0.07122160494327545,0.07968397438526154,-0.150905579328537,1,0.02489902672598854,0.017288184468420606,0
yanxingzhuo,1,a081.wav,"sub_Male speech, man speaking_bO6gUBBcniY_1+Bass drum_ZuBxMCk0cco_1.wav","D:\D\research\audioset下载\audio_pairs_2s\subcategory_pairs\sub_Male speech, man speaking_bO6gUBBcniY_1+Bass drum_ZuBxMCk0cco_1.wav",1,0,0.16679570078849792,0.3037988245487213,-0.1370031237602234,1,0.027914524189952532,0.02588605783852958,0
yanxingzhuo,1,a082.wav,sub_Telephone bell ringing_wg0LlkP_K3c_1+Sad music_Y7SoAXBFUew_1.wav,D:\D\research\audioset下载\audio_pairs_2s\subcategory_pairs\sub_Telephone bell ringing_wg0LlkP_K3c_1+Sad music_Y7SoAXBFUew_1.wav,1,0,0.16630646586418152,0.07309752702713013,0.09320893883705139,0,0.019311372092620703,0.035617225143571886,1
yanxingzhuo,1,a083.wav,"sub_Telephone bell ringing_nBA65g90mnA_1+Male speech, man speaking_GnmgSQq6E54_1.wav","D:\D\research\audioset下载\audio_pairs_2s\subcategory_pairs\sub_Telephone bell ringing_nBA65g90mnA_1+Male speech, man speaking_GnmgSQq6E54_1.wav",2,1,0.264318585395813,0.27065181732177734,-0.0063332319259643555,1,0.011962978857016382,0.01850078388162459,1
yanxingzhuo,1,a084.wav,"sub_Telephone bell ringing_JUL2kqVi4qI_1+Female speech, woman speaking_a7WAfwKi88Q_1.wav","D:\D\research\audioset下载\audio_pairs_2s\subcategory_pairs\sub_Telephone bell ringing_JUL2kqVi4qI_1+Female speech, woman speaking_a7WAfwKi88Q_1.wav",2,1,0.242732435464859,0.11717846989631653,0.12555396556854248,0,0.03142276891838854,0.02096864244393639,0
yanxingzhuo,1,a085.wav,"sub_Female speech, woman speaking_7QnyKZe6VBA_1+Bass drum_9tBOegUHrL0_1.wav","D:\D\research\audioset下载\audio_pairs_2s\subcategory_pairs\sub_Female speech, woman speaking_7QnyKZe6VBA_1+Bass drum_9tBOegUHrL0_1.wav",1,0,0.17125552892684937,0.1693619042634964,0.0018936246633529663,0,0.016932509190503625,0.03236642745502604,1
yanxingzhuo,1,a086.wav,"sub_Male speech, man speaking_mZ_z2lorJeY_1+Baby cry, infant cry_ZnGO4o9SqHY_1.wav","D:\D\research\audioset下载\audio_pairs_2s\subcategory_pairs\sub_Male speech, man speaking_mZ_z2lorJeY_1+Baby cry, infant cry_ZnGO4o9SqHY_1.wav",1,0,-0.02197234332561493,0.17951032519340515,-0.20148266851902008,1,0.01995634221517222,0.02052144823027912,1
yanxingzhuo,1,a087.wav,"sub_Female speech, woman speaking_DpiGR6_i4Js_1+Sad music_xIdWJyhWueE_1.wav","D:\D\research\audioset下载\audio_pairs_2s\subcategory_pairs\sub_Female speech, woman speaking_DpiGR6_i4Js_1+Sad music_xIdWJyhWueE_1.wav",2,1,0.1872529536485672,0.10191518068313599,0.08533777296543121,0,0.02007495085217987,0.03972820822779523,1
yanxingzhuo,1,a088.wav,"sub_Helicopter_4A3_lLVLpUg_1+Male speech, man speaking_H85puQUqrQY_1.wav","D:\D\research\audioset下载\audio_pairs_2s\subcategory_pairs\sub_Helicopter_4A3_lLVLpUg_1+Male speech, man speaking_H85puQUqrQY_1.wav",1,0,0.10075502842664719,0.2335149198770523,-0.13275989145040512,1,0.02984095453096978,0.012301038367430928,0
yanxingzhuo,1,a089.wav,sub_Sad music_dwSj0Rr3vFc_1+Computer keyboard_4O-dYCrVKLY_1.wav,D:\D\research\audioset下载\audio_pairs_2s\subcategory_pairs\sub_Sad music_dwSj0Rr3vFc_1+Computer keyboard_4O-dYCrVKLY_1.wav,1,0,0.17465898394584656,0.17508554458618164,-0.000426560640335083,1,0.03983621562369695,0.016282165617939482,0
yanxingzhuo,1,a090.wav,sub_Sad music_qZkM3QaeaUM_1+Telephone bell ringing_TYc_q463LvA_1.wav,D:\D\research\audioset下载\audio_pairs_2s\subcategory_pairs\sub_Sad music_qZkM3QaeaUM_1+Telephone bell ringing_TYc_q463LvA_1.wav,2,1,0.1707686483860016,0.19335827231407166,-0.02258962392807007,1,0.028783565108194607,0.028891460415676723,1
yanxingzhuo,1,a091.wav,sub_Computer keyboard_MQtUV_cFcm8_1+Telephone bell ringing_0ZAfYE4bgs8_1.wav,D:\D\research\audioset下载\audio_pairs_2s\subcategory_pairs\sub_Computer keyboard_MQtUV_cFcm8_1+Telephone bell ringing_0ZAfYE4bgs8_1.wav,2,1,0.056705161929130554,0.15856918692588806,-0.10186402499675751,1,0.02525583930582542,0.011660886296134597,0
yanxingzhuo,1,a092.wav,"sub_Female speech, woman speaking_vuD0qyibQyQ_1+Sad music_UzDVZzIIcy8_1.wav","D:\D\research\audioset下载\audio_pairs_2s\subcategory_pairs\sub_Female speech, woman speaking_vuD0qyibQyQ_1+Sad music_UzDVZzIIcy8_1.wav",1,0,0.15355730056762695,0.11867983639240265,0.034877464175224304,0,0.027836392522283607,0.03628547419578216,1
yanxingzhuo,1,a093.wav,"sub_Telephone bell ringing_wg0LlkP_K3c_1+Male speech, man speaking_BuIMVqz85uk_1.wav","D:\D\research\audioset下载\audio_pairs_2s\subcategory_pairs\sub_Telephone bell ringing_wg0LlkP_K3c_1+Male speech, man speaking_BuIMVqz85uk_1.wav",2,1,0.16630646586418152,0.22208231687545776,-0.055775851011276245,1,0.019311372092620703,0.034384155084835534,1
yanxingzhuo,1,a094.wav,"sub_Sad music_bt8iHoIf2mo_1+Male speech, man speaking_Ky8aKwI522Q_1.wav","D:\D\research\audioset下载\audio_pairs_2s\subcategory_pairs\sub_Sad music_bt8iHoIf2mo_1+Male speech, man speaking_Ky8aKwI522Q_1.wav",2,1,0.1510903537273407,0.09816574305295944,0.052924610674381256,0,0.03931063727766966,0.019951914097412596,0
yanxingzhuo,1,a095.wav,sub_Sad music_3OUNEL8XaR0_1+Computer keyboard_rTh92nlG9io_1.wav,D:\D\research\audioset下载\audio_pairs_2s\subcategory_pairs\sub_Sad music_3OUNEL8XaR0_1+Computer keyboard_rTh92nlG9io_1.wav,1,0,0.10246409475803375,0.09708543121814728,0.005378663539886475,0,0.02139235905130801,0.013735322247026793,0
yanxingzhuo,1,a096.wav,sub_Bass drum_5yLw_p9YcQE_1+Telephone bell ringing_8bRQgDQyTNw_1.wav,D:\D\research\audioset下载\audio_pairs_2s\subcategory_pairs\sub_Bass drum_5yLw_p9YcQE_1+Telephone bell ringing_8bRQgDQyTNw_1.wav,2,1,0.22079208493232727,0.17827099561691284,0.04252108931541443,0,0.0266286515986745,0.03428080792696428,1
yanxingzhuo,1,a097.wav,"sub_Baby cry, infant cry_wVVBhbrnj9s_1+Male speech, man speaking_1OFDyTzUj24_1.wav","D:\D\research\audioset下载\audio_pairs_2s\subcategory_pairs\sub_Baby cry, infant cry_wVVBhbrnj9s_1+Male speech, man speaking_1OFDyTzUj24_1.wav",1,0,0.2693762183189392,0.21842926740646362,0.050946950912475586,0,0.029695993992929506,0.017769420048526056,0
yanxingzhuo,1,a098.wav,sub_Bass drum_YnL6TJ_t068_1+Helicopter_jkvXuu8XltI_1.wav,D:\D\research\audioset下载\audio_pairs_2s\subcategory_pairs\sub_Bass drum_YnL6TJ_t068_1+Helicopter_jkvXuu8XltI_1.wav,2,1,0.167755126953125,0.11986648291349411,0.04788864403963089,0,0.017973152554863234,0.043444815280350046,1
yanxingzhuo,1,a099.wav,"sub_Bass drum_wff_C_CKm1g_1+Baby cry, infant cry_XZ5oHxjfHKY_1.wav","D:\D\research\audioset下载\audio_pairs_2s\subcategory_pairs\sub_Bass drum_wff_C_CKm1g_1+Baby cry, infant cry_XZ5oHxjfHKY_1.wav",2,1,0.19600996375083923,0.3260090947151184,-0.12999913096427917,1,0.02480928716428038,0.012037681483777415,0
yanxingzhuo,1,a100.wav,"sub_Computer keyboard_uLdRi__nG2c_1+Male speech, man speaking_GnmgSQq6E54_1.wav","D:\D\research\audioset下载\audio_pairs_2s\subcategory_pairs\sub_Computer keyboard_uLdRi__nG2c_1+Male speech, man speaking_GnmgSQq6E54_1.wav",2,1,0.1435331106185913,0.27065181732177734,-0.12711870670318604,1,0.009341872385155802,0.01850078388162459,1
yanxingzhuo,1,a101.wav,"sub_Female speech, woman speaking_lAznHBBQkp4_1+Baby cry, infant cry_z15CKEUxkEg_1.wav","D:\D\research\audioset下载\audio_pairs_2s\subcategory_pairs\sub_Female speech, woman speaking_lAznHBBQkp4_1+Baby cry, infant cry_z15CKEUxkEg_1.wav",2,1,0.23681506514549255,0.3207845389842987,-0.08396947383880615,1,0.023978382327917692,0.026606538561588126,1
yanxingzhuo,1,a102.wav,"sub_Male speech, man speaking_Ky8aKwI522Q_1+Sad music_bt8iHoIf2mo_1.wav","D:\D\research\audioset下载\audio_pairs_2s\subcategory_pairs\sub_Male speech, man speaking_Ky8aKwI522Q_1+Sad music_bt8iHoIf2mo_1.wav",1,0,0.09816574305295944,0.1510903537273407,-0.052924610674381256,1,0.019951914097412596,0.03931063727766966,1
yanxingzhuo,1,a103.wav,"sub_Female speech, woman speaking_n6lloBIIZ-k_1+Helicopter_EOKUV6hgMhM_1.wav","D:\D\research\audioset下载\audio_pairs_2s\subcategory_pairs\sub_Female speech, woman speaking_n6lloBIIZ-k_1+Helicopter_EOKUV6hgMhM_1.wav",1,0,0.23039484024047852,0.22658462822437286,0.003810212016105652,0,0.016687025980569842,0.016602581913552707,0
yanxingzhuo,1,a104.wav,sub_Computer keyboard_YUcV-grp898_1+Sad music_MIexFfOsuJs_1.wav,D:\D\research\audioset下载\audio_pairs_2s\subcategory_pairs\sub_Computer keyboard_YUcV-grp898_1+Sad music_MIexFfOsuJs_1.wav,2,1,0.24475392699241638,0.28348007798194885,-0.03872615098953247,1,0.0015552846650162193,0.02721486521344261,1
yanxingzhuo,1,a105.wav,sub_Helicopter_q3W8UiycXe8_1+Sad music_eQTK2fo3RoE_1.wav,D:\D\research\audioset下载\audio_pairs_2s\subcategory_pairs\sub_Helicopter_q3W8UiycXe8_1+Sad music_eQTK2fo3RoE_1.wav,1,0,0.2725178599357605,0.07471414655447006,0.19780371338129044,0,0.027024928730496865,0.0235679678418862,0
yanxingzhuo,1,a106.wav,sub_Sad music_T0oF8MyYhBM_1+Computer keyboard_8evHpuXTcgM_1.wav,D:\D\research\audioset下载\audio_pairs_2s\subcategory_pairs\sub_Sad music_T0oF8MyYhBM_1+Computer keyboard_8evHpuXTcgM_1.wav,1,0,0.2158471643924713,-0.03387540578842163,0.24972257018089294,0,0.033650112084658186,0.011549582379851335,0
yanxingzhuo,1,a107.wav,"sub_Bass drum_3k8zGf8Btfo_1+Male speech, man speaking_1OFDyTzUj24_1.wav","D:\D\research\audioset下载\audio_pairs_2s\subcategory_pairs\sub_Bass drum_3k8zGf8Btfo_1+Male speech, man speaking_1OFDyTzUj24_1.wav",2,1,0.20558224618434906,0.21842926740646362,-0.012847021222114563,1,0.0246707653126498,0.017769420048526056,0
yanxingzhuo,1,a108.wav,sub_Computer keyboard_66eFB3sy7Bw_1+Bass drum_nG9IOZqGHdM_1.wav,D:\D\research\audioset下载\audio_pairs_2s\subcategory_pairs\sub_Computer keyboard_66eFB3sy7Bw_1+Bass drum_nG9IOZqGHdM_1.wav,1,0,0.26343226432800293,0.21810197830200195,0.04533028602600098,0,0.022719664422401392,0.02900128559150187,1
yanxingzhuo,1,a109.wav,"sub_Sad music_1WlvXneu6oY_1+Female speech, woman speaking_LysFhHBYTmE_1.wav","D:\D\research\audioset下载\audio_pairs_2s\subcategory_pairs\sub_Sad music_1WlvXneu6oY_1+Female speech, woman speaking_LysFhHBYTmE_1.wav",1,0,0.13259074091911316,0.22248727083206177,-0.08989652991294861,1,0.036237833093002006,0.018925430181506348,0
yanxingzhuo,1,a110.wav,"sub_Female speech, woman speaking_LysFhHBYTmE_1+Telephone bell ringing_P-QOd_28o9c_1.wav","D:\D\research\audioset下载\audio_pairs_2s\subcategory_pairs\sub_Female speech, woman speaking_LysFhHBYTmE_1+Telephone bell ringing_P-QOd_28o9c_1.wav",2,1,0.22248727083206177,-0.07122160494327545,0.2937088757753372,0,0.018925430181506348,0.02489902672598854,1
yanxingzhuo,1,a111.wav,"sub_Female speech, woman speaking_n6lloBIIZ-k_1+Bass drum_OrYHuCwfvb4_1.wav","D:\D\research\audioset下载\audio_pairs_2s\subcategory_pairs\sub_Female speech, woman speaking_n6lloBIIZ-k_1+Bass drum_OrYHuCwfvb4_1.wav",1,0,0.23039484024047852,0.19532236456871033,0.03507247567176819,0,0.016687025980569842,0.039433855436534465,1
yanxingzhuo,1,a112.wav,"sub_Baby cry, infant cry_jHs2_FLtd9U_1+Male speech, man speaking_Fihamhv6TJo_1.wav","D:\D\research\audioset下载\audio_pairs_2s\subcategory_pairs\sub_Baby cry, infant cry_jHs2_FLtd9U_1+Male speech, man speaking_Fihamhv6TJo_1.wav",2,1,0.4057883024215698,0.12907478213310242,0.2767135202884674,0,0.012330456501517057,0.02744716012223882,1
yanxingzhuo,1,a113.wav,"sub_Bass drum_6DwlcJyDyxc_1+Baby cry, infant cry_dIIiaO12I5Q_1.wav","D:\D\research\audioset下载\audio_pairs_2s\subcategory_pairs\sub_Bass drum_6DwlcJyDyxc_1+Baby cry, infant cry_dIIiaO12I5Q_1.wav",2,1,0.1997656226158142,0.32512813806533813,-0.12536251544952393,1,0.016877288193388483,0.029880779617539956,1
yanxingzhuo,1,a114.wav,"sub_Sad music_I0q3IGmTkRo_1+Female speech, woman speaking_HPfBYRU8tVM_1.wav","D:\D\research\audioset下载\audio_pairs_2s\subcategory_pairs\sub_Sad music_I0q3IGmTkRo_1+Female speech, woman speaking_HPfBYRU8tVM_1.wav",2,1,0.167400062084198,0.2102241814136505,-0.042824119329452515,1,0.03734753911287748,0.027981318023461578,0
yanxingzhuo,1,a115.wav,"sub_Male speech, man speaking_mZ_z2lorJeY_1+Telephone bell ringing__xuq9rBndUE_1.wav","D:\D\research\audioset下载\audio_pairs_2s\subcategory_pairs\sub_Male speech, man speaking_mZ_z2lorJeY_1+Telephone bell ringing__xuq9rBndUE_1.wav",1,0,-0.02197234332561493,0.18790365755558014,-0.20987600088119507,1,0.01995634221517222,0.022149481838608813,1
yanxingzhuo,1,a116.wav,"sub_Baby cry, infant cry_tk4s-nlhmEQ_1+Male speech, man speaking_gPaoJv-NrEU_1.wav","D:\D\research\audioset下载\audio_pairs_2s\subcategory_pairs\sub_Baby cry, infant cry_tk4s-nlhmEQ_1+Male speech, man speaking_gPaoJv-NrEU_1.wav",2,1,0.3513612151145935,0.20261499285697937,0.14874622225761414,0,0.02361603505027917,0.031558803978028384,1
yanxingzhuo,1,a117.wav,sub_Telephone bell ringing_JUL2kqVi4qI_1+Computer keyboard_HKN2548Ts6A_1.wav,D:\D\research\audioset下载\audio_pairs_2s\subcategory_pairs\sub_Telephone bell ringing_JUL2kqVi4qI_1+Computer keyboard_HKN2548Ts6A_1.wav,1,0,0.242732435464859,0.22994369268417358,0.012788742780685425,0,0.03142276891838854,0.015337957553431564,0
yanxingzhuo,1,a118.wav,"sub_Computer keyboard_66eFB3sy7Bw_1+Baby cry, infant cry_nzwmPWAAQFg_1.wav","D:\D\research\audioset下载\audio_pairs_2s\subcategory_pairs\sub_Computer keyboard_66eFB3sy7Bw_1+Baby cry, infant cry_nzwmPWAAQFg_1.wav",2,1,0.26343226432800293,0.357689768075943,-0.09425750374794006,1,0.022719664422401392,0.011938539889963058,0
yanxingzhuo,1,a119.wav,"sub_Bass drum_JesyktMT-Dk_1+Baby cry, infant cry_ypmfbwrqL4s_1.wav","D:\D\research\audioset下载\audio_pairs_2s\subcategory_pairs\sub_Bass drum_JesyktMT-Dk_1+Baby cry, infant cry_ypmfbwrqL4s_1.wav",2,1,0.1732480674982071,0.3533092737197876,-0.1800612062215805,1,0.02185939767935835,0.03561908324408149,1
yanxingzhuo,1,a120.wav,sub_Computer keyboard_PZACLpEasFU_1+Telephone bell ringing_HhP9eZ8cNIY_1.wav,D:\D\research\audioset下载\audio_pairs_2s\subcategory_pairs\sub_Computer keyboard_PZACLpEasFU_1+Telephone bell ringing_HhP9eZ8cNIY_1.wav,2,1,0.21231141686439514,0.18631279468536377,0.025998622179031372,0,0.00892444578687077,0.026080087313384768,1
yanxingzhuo,1,a121.wav,"sub_Baby cry, infant cry_ypmfbwrqL4s_1+Helicopter_EOKUV6hgMhM_1.wav","D:\D\research\audioset下载\audio_pairs_2s\subcategory_pairs\sub_Baby cry, infant cry_ypmfbwrqL4s_1+Helicopter_EOKUV6hgMhM_1.wav",1,0,0.3533092737197876,0.22658462822437286,0.12672464549541473,0,0.03561908324408149,0.016602581913552707,0
yanxingzhuo,1,a122.wav,sub_Bass drum_eWsnTX9zkHI_1+Helicopter_5slM2JWYnBw_1.wav,D:\D\research\audioset下载\audio_pairs_2s\subcategory_pairs\sub_Bass drum_eWsnTX9zkHI_1+Helicopter_5slM2JWYnBw_1.wav,2,1,0.19954413175582886,0.12392202019691467,0.07562211155891418,0,0.03020290072871647,0.027147148312238953,0
yanxingzhuo,1,a123.wav,"sub_Sad music_lmrzR9cSMRY_1+Male speech, man speaking_bO6gUBBcniY_1.wav","D:\D\research\audioset下载\audio_pairs_2s\subcategory_pairs\sub_Sad music_lmrzR9cSMRY_1+Male speech, man speaking_bO6gUBBcniY_1.wav",2,1,0.15623514354228973,0.16679570078849792,-0.010560557246208191,1,0.027547265220659412,0.027914524189952532,1
yanxingzhuo,1,a124.wav,sub_Bass drum_xxffSM6940A_1+Telephone bell ringing_1isuXShxzOY_1.wav,D:\D\research\audioset下载\audio_pairs_2s\subcategory_pairs\sub_Bass drum_xxffSM6940A_1+Telephone bell ringing_1isuXShxzOY_1.wav,2,1,0.18124723434448242,0.2653381824493408,-0.0840909481048584,1,0.03258839054246838,0.03609646116992179,1
yanxingzhuo,1,a125.wav,"sub_Sad music_9aE33JEIGOg_1+Female speech, woman speaking_lAznHBBQkp4_1.wav","D:\D\research\audioset下载\audio_pairs_2s\subcategory_pairs\sub_Sad music_9aE33JEIGOg_1+Female speech, woman speaking_lAznHBBQkp4_1.wav",1,0,0.2783162295818329,0.23681506514549255,0.04150116443634033,0,0.03993854029842428,0.023978382327917692,0
yanxingzhuo,1,a126.wav,"sub_Helicopter_6_NEAEGeFIw_1+Female speech, woman speaking_HPfBYRU8tVM_1.wav","D:\D\research\audioset下载\audio_pairs_2s\subcategory_pairs\sub_Helicopter_6_NEAEGeFIw_1+Female speech, woman speaking_HPfBYRU8tVM_1.wav",2,1,0.1179148480296135,0.2102241814136505,-0.09230933338403702,1,0.03224426745635446,0.027981318023461578,0
yanxingzhuo,1,a127.wav,sub_Bass drum_a1Dch1ez9fY_1+Helicopter_GO_1gBjIR1c_1.wav,D:\D\research\audioset下载\audio_pairs_2s\subcategory_pairs\sub_Bass drum_a1Dch1ez9fY_1+Helicopter_GO_1gBjIR1c_1.wav,2,1,0.13753575086593628,0.19670447707176208,-0.059168726205825806,1,0.028335923604238426,0.04695372131513407,1
yanxingzhuo,1,a128.wav,"sub_Male speech, man speaking_mZ_z2lorJeY_1+Bass drum_5yLw_p9YcQE_1.wav","D:\D\research\audioset下载\audio_pairs_2s\subcategory_pairs\sub_Male speech, man speaking_mZ_z2lorJeY_1+Bass drum_5yLw_p9YcQE_1.wav",1,0,-0.02197234332561493,0.22079208493232727,-0.2427644282579422,1,0.01995634221517222,0.0266286515986745,1
yanxingzhuo,1,a129.wav,"sub_Male speech, man speaking_BuIMVqz85uk_1+Baby cry, infant cry_QyJ4Z0jRJ20_1.wav","D:\D\research\audioset下载\audio_pairs_2s\subcategory_pairs\sub_Male speech, man speaking_BuIMVqz85uk_1+Baby cry, infant cry_QyJ4Z0jRJ20_1.wav",1,0,0.22208231687545776,0.3034319281578064,-0.08134961128234863,1,0.034384155084835534,0.019458638784637293,0
yanxingzhuo,1,a130.wav,"sub_Telephone bell ringing_TRgs9jv8ah0_1+Male speech, man speaking_H85puQUqrQY_1.wav","D:\D\research\audioset下载\audio_pairs_2s\subcategory_pairs\sub_Telephone bell ringing_TRgs9jv8ah0_1+Male speech, man speaking_H85puQUqrQY_1.wav",1,0,0.20252373814582825,0.2335149198770523,-0.03099118173122406,1,0.03386082589034153,0.012301038367430928,0
yanxingzhuo,1,a131.wav,"sub_Female speech, woman speaking_LrcvUfmRN8k_1+Sad music_6vRBp8jo40Q_1.wav","D:\D\research\audioset下载\audio_pairs_2s\subcategory_pairs\sub_Female speech, woman speaking_LrcvUfmRN8k_1+Sad music_6vRBp8jo40Q_1.wav",1,0,0.2578538656234741,0.12646645307540894,0.13138741254806519,0,0.020230268639673542,0.03952871402931249,1
yanxingzhuo,1,a132.wav,sub_Telephone bell ringing_RthSBUaKjes_1+Helicopter_jkvXuu8XltI_1.wav,D:\D\research\audioset下载\audio_pairs_2s\subcategory_pairs\sub_Telephone bell ringing_RthSBUaKjes_1+Helicopter_jkvXuu8XltI_1.wav,2,1,0.19623711705207825,0.11986648291349411,0.07637063413858414,0,0.02484404412607075,0.043444815280350046,1
yanxingzhuo,1,a133.wav,"sub_Sad music_MpS2SSIhe2g_1+Male speech, man speaking_GnmgSQq6E54_1.wav","D:\D\research\audioset下载\audio_pairs_2s\subcategory_pairs\sub_Sad music_MpS2SSIhe2g_1+Male speech, man speaking_GnmgSQq6E54_1.wav",1,0,0.152250275015831,0.27065181732177734,-0.11840154230594635,1,0.02437056483275767,0.01850078388162459,0
yanxingzhuo,1,a134.wav,"sub_Male speech, man speaking_BuIMVqz85uk_1+Telephone bell ringing_wg0LlkP_K3c_1.wav","D:\D\research\audioset下载\audio_pairs_2s\subcategory_pairs\sub_Male speech, man speaking_BuIMVqz85uk_1+Telephone bell ringing_wg0LlkP_K3c_1.wav",1,0,0.22208231687545776,0.16630646586418152,0.055775851011276245,0,0.034384155084835534,0.019311372092620703,0
yanxingzhuo,1,a135.wav,"sub_Sad music_lmrzR9cSMRY_1+Female speech, woman speaking_7761uBKNpd8_1.wav","D:\D\research\audioset下载\audio_pairs_2s\subcategory_pairs\sub_Sad music_lmrzR9cSMRY_1+Female speech, woman speaking_7761uBKNpd8_1.wav",2,1,0.15623514354228973,0.18020597100257874,-0.023970827460289,1,0.027547265220659412,0.022206402297783024,0
yanxingzhuo,1,a136.wav,sub_Telephone bell ringing_cQci9o1C4UY_1+Helicopter_t0txEC0Rhdg_1.wav,D:\D\research\audioset下载\audio_pairs_2s\subcategory_pairs\sub_Telephone bell ringing_cQci9o1C4UY_1+Helicopter_t0txEC0Rhdg_1.wav,1,0,0.24241432547569275,0.12231294810771942,0.12010137736797333,0,0.023322889394370418,0.030313977101890998,1
yanxingzhuo,1,a137.wav,"sub_Baby cry, infant cry_z15CKEUxkEg_1+Helicopter_8Fut6ZU85Fs_1.wav","D:\D\research\audioset下载\audio_pairs_2s\subcategory_pairs\sub_Baby cry, infant cry_z15CKEUxkEg_1+Helicopter_8Fut6ZU85Fs_1.wav",1,0,0.3207845389842987,0.1863502562046051,0.1344342827796936,0,0.026606538561588126,0.031190049155566505,1
yanxingzhuo,1,a138.wav,sub_Computer keyboard_24tWz7gmngI_1+Bass drum_eWsnTX9zkHI_1.wav,D:\D\research\audioset下载\audio_pairs_2s\subcategory_pairs\sub_Computer keyboard_24tWz7gmngI_1+Bass drum_eWsnTX9zkHI_1.wav,1,0,0.11218379437923431,0.19954413175582886,-0.08736033737659454,1,0.012254043334320237,0.03020290072871647,1
yanxingzhuo,1,a139.wav,sub_Bass drum_nfdEqi5YMjk_1+Helicopter_z4HX8-du2nQ_1.wav,D:\D\research\audioset下载\audio_pairs_2s\subcategory_pairs\sub_Bass drum_nfdEqi5YMjk_1+Helicopter_z4HX8-du2nQ_1.wav,2,1,0.2525174021720886,0.2374526411294937,0.01506476104259491,0,0.023782750238747492,0.0337619871616582,1
yanxingzhuo,1,a140.wav,sub_Bass drum_9tBOegUHrL0_1+Telephone bell ringing_EEhnuLFYehU_1.wav,D:\D\research\audioset下载\audio_pairs_2s\subcategory_pairs\sub_Bass drum_9tBOegUHrL0_1+Telephone bell ringing_EEhnuLFYehU_1.wav,2,1,0.1693619042634964,0.22332578897476196,-0.053963884711265564,1,0.03236642745502604,0.014630782429752312,0
yanxingzhuo,1,a141.wav,sub_Sad music_3OUNEL8XaR0_1+Helicopter_W3u2hj1x7gY_1.wav,D:\D\research\audioset下载\audio_pairs_2s\subcategory_pairs\sub_Sad music_3OUNEL8XaR0_1+Helicopter_W3u2hj1x7gY_1.wav,1,0,0.10246409475803375,0.2960547208786011,-0.19359062612056732,1,0.02139235905130801,0.025070262424948236,1
yanxingzhuo,1,a142.wav,sub_Sad music_vp6p45b-038_1+Helicopter_BNrmXcZQ-p4_1.wav,D:\D\research\audioset下载\audio_pairs_2s\subcategory_pairs\sub_Sad music_vp6p45b-038_1+Helicopter_BNrmXcZQ-p4_1.wav,2,1,0.132741317152977,0.20046581327915192,-0.06772449612617493,1,0.029591921437119188,0.03015510155372596,1
yanxingzhuo,1,a143.wav,"sub_Bass drum_ZuBxMCk0cco_1+Female speech, woman speaking_a7WAfwKi88Q_1.wav","D:\D\research\audioset下载\audio_pairs_2s\subcategory_pairs\sub_Bass drum_ZuBxMCk0cco_1+Female speech, woman speaking_a7WAfwKi88Q_1.wav",2,1,0.3037988245487213,0.11717846989631653,0.18662035465240479,0,0.02588605783852958,0.02096864244393639,0
yanxingzhuo,1,a144.wav,"sub_Female speech, woman speaking_DpiGR6_i4Js_1+Bass drum_-bJPDtT31p0_1.wav","D:\D\research\audioset下载\audio_pairs_2s\subcategory_pairs\sub_Female speech, woman speaking_DpiGR6_i4Js_1+Bass drum_-bJPDtT31p0_1.wav",1,0,0.1872529536485672,0.1344626247882843,0.0527903288602829,0,0.02007495085217987,0.026194569256150588,1
yanxingzhuo,1,a145.wav,sub_Telephone bell ringing_LJH4TFzWiW0_1+Sad music_y_toDfeACWE_1.wav,D:\D\research\audioset下载\audio_pairs_2s\subcategory_pairs\sub_Telephone bell ringing_LJH4TFzWiW0_1+Sad music_y_toDfeACWE_1.wav,2,1,0.32087278366088867,0.13569843769073486,0.1851743459701538,0,0.03997657279446448,0.016866205905453416,0
yanxingzhuo,1,a146.wav,"sub_Helicopter_z4HX8-du2nQ_1+Baby cry, infant cry_Zm-sQnazFAQ_1.wav","D:\D\research\audioset下载\audio_pairs_2s\subcategory_pairs\sub_Helicopter_z4HX8-du2nQ_1+Baby cry, infant cry_Zm-sQnazFAQ_1.wav",2,1,0.2374526411294937,0.3335641920566559,-0.09611155092716217,1,0.0337619871616582,0.029361426265011495,0
yanxingzhuo,1,a147.wav,"sub_Male speech, man speaking_GnmgSQq6E54_1+Telephone bell ringing_nBA65g90mnA_1.wav","D:\D\research\audioset下载\audio_pairs_2s\subcategory_pairs\sub_Male speech, man speaking_GnmgSQq6E54_1+Telephone bell ringing_nBA65g90mnA_1.wav",1,0,0.27065181732177734,0.264318585395813,0.0063332319259643555,0,0.01850078388162459,0.011962978857016382,0
yanxingzhuo,1,a148.wav,sub_Sad music_3OUNEL8XaR0_1+Telephone bell ringing_1isuXShxzOY_1.wav,D:\D\research\audioset下载\audio_pairs_2s\subcategory_pairs\sub_Sad music_3OUNEL8XaR0_1+Telephone bell ringing_1isuXShxzOY_1.wav,2,1,0.10246409475803375,0.2653381824493408,-0.16287408769130707,1,0.02139235905130801,0.03609646116992179,1
yanxingzhuo,1,a149.wav,sub_Sad music_MIexFfOsuJs_1+Computer keyboard_YUcV-grp898_1.wav,D:\D\research\audioset下载\audio_pairs_2s\subcategory_pairs\sub_Sad music_MIexFfOsuJs_1+Computer keyboard_YUcV-grp898_1.wav,1,0,0.28348007798194885,0.24475392699241638,0.03872615098953247,0,0.02721486521344261,0.0015552846650162193,0
yanxingzhuo,1,a150.wav,sub_Bass drum_pSlVtxLOYiM_1+Computer keyboard_Ti0Ck0xTdw4_1.wav,D:\D\research\audioset下载\audio_pairs_2s\subcategory_pairs\sub_Bass drum_pSlVtxLOYiM_1+Computer keyboard_Ti0Ck0xTdw4_1.wav,1,0,0.1790561079978943,0.2991736829280853,-0.12011757493019104,1,0.02043919567514078,0.006035326468433831,0
yanxingzhuo,1,a151.wav,"sub_Male speech, man speaking_bO6gUBBcniY_1+Computer keyboard_P9qEFBa2s8Q_1.wav","D:\D\research\audioset下载\audio_pairs_2s\subcategory_pairs\sub_Male speech, man speaking_bO6gUBBcniY_1+Computer keyboard_P9qEFBa2s8Q_1.wav",1,0,0.16679570078849792,0.07968397438526154,0.08711172640323639,0,0.027914524189952532,0.017288184468420606,0
yanxingzhuo,1,a152.wav,"sub_Helicopter_X76DCP7SCR0_1+Male speech, man speaking_GnmgSQq6E54_1.wav","D:\D\research\audioset下载\audio_pairs_2s\subcategory_pairs\sub_Helicopter_X76DCP7SCR0_1+Male speech, man speaking_GnmgSQq6E54_1.wav",2,1,0.17519816756248474,0.27065181732177734,-0.0954536497592926,1,0.013568852471902638,0.01850078388162459,1
yanxingzhuo,1,a153.wav,sub_Sad music_9aE33JEIGOg_1+Helicopter_h5NTDVXiTiI_1.wav,D:\D\research\audioset下载\audio_pairs_2s\subcategory_pairs\sub_Sad music_9aE33JEIGOg_1+Helicopter_h5NTDVXiTiI_1.wav,1,0,0.2783162295818329,0.1642274558544159,0.11408877372741699,0,0.03993854029842428,0.03015065387042272,0
yanxingzhuo,1,a154.wav,"sub_Computer keyboard_P9qEFBa2s8Q_1+Female speech, woman speaking_vuD0qyibQyQ_1.wav","D:\D\research\audioset下载\audio_pairs_2s\subcategory_pairs\sub_Computer keyboard_P9qEFBa2s8Q_1+Female speech, woman speaking_vuD0qyibQyQ_1.wav",2,1,0.07968397438526154,0.15355730056762695,-0.07387332618236542,1,0.017288184468420606,0.027836392522283607,1
yanxingzhuo,1,a155.wav,"sub_Female speech, woman speaking_vuD0qyibQyQ_1+Helicopter_STdAr1JNXIU_1.wav","D:\D\research\audioset下载\audio_pairs_2s\subcategory_pairs\sub_Female speech, woman speaking_vuD0qyibQyQ_1+Helicopter_STdAr1JNXIU_1.wav",1,0,0.15355730056762695,0.1435829997062683,0.009974300861358643,0,0.027836392522283607,0.029006276749442308,1
yanxingzhuo,1,a156.wav,"sub_Computer keyboard_8evHpuXTcgM_1+Male speech, man speaking_gPaoJv-NrEU_1.wav","D:\D\research\audioset下载\audio_pairs_2s\subcategory_pairs\sub_Computer keyboard_8evHpuXTcgM_1+Male speech, man speaking_gPaoJv-NrEU_1.wav",2,1,-0.03387540578842163,0.20261499285697937,-0.236490398645401,1,0.011549582379851335,0.031558803978028384,1
yanxingzhuo,1,a157.wav,"sub_Female speech, woman speaking_lO1rUT_MTjk_1+Telephone bell ringing_cQci9o1C4UY_1.wav","D:\D\research\audioset下载\audio_pairs_2s\subcategory_pairs\sub_Female speech, woman speaking_lO1rUT_MTjk_1+Telephone bell ringing_cQci9o1C4UY_1.wav",2,1,0.33074361085891724,0.24241432547569275,0.08832928538322449,0,0.02667689995972267,0.023322889394370418,0
yanxingzhuo,1,a158.wav,"sub_Bass drum_OrYHuCwfvb4_1+Male speech, man speaking_W4acKG-KSTE_1.wav","D:\D\research\audioset下载\audio_pairs_2s\subcategory_pairs\sub_Bass drum_OrYHuCwfvb4_1+Male speech, man speaking_W4acKG-KSTE_1.wav",2,1,0.19532236456871033,0.2639746069908142,-0.06865224242210388,1,0.039433855436534465,0.016383123342230077,0
yanxingzhuo,1,a159.wav,"sub_Female speech, woman speaking_7QnyKZe6VBA_1+Sad music_qZkM3QaeaUM_1.wav","D:\D\research\audioset下载\audio_pairs_2s\subcategory_pairs\sub_Female speech, woman speaking_7QnyKZe6VBA_1+Sad music_qZkM3QaeaUM_1.wav",1,0,0.17125552892684937,0.1707686483860016,0.0004868805408477783,0,0.016932509190503625,0.028783565108194607,1
yanxingzhuo,1,a160.wav,"sub_Female speech, woman speaking_LrcvUfmRN8k_1+Helicopter_4A3_lLVLpUg_1.wav","D:\D\research\audioset下载\audio_pairs_2s\subcategory_pairs\sub_Female speech, woman speaking_LrcvUfmRN8k_1+Helicopter_4A3_lLVLpUg_1.wav",1,0,0.2578538656234741,0.10075502842664719,0.15709883719682693,0,0.020230268639673542,0.02984095453096978,1
yanxingzhuo,2,a001.wav,sub_Sad music_fZjQBgPD1Ys_1+Computer keyboard_iyroRIRrXUw_1.wav,D:\D\research\audioset下载\audio_pairs_2s\subcategory_pairs\sub_Sad music_fZjQBgPD1Ys_1+Computer keyboard_iyroRIRrXUw_1.wav,1,0,0.154634028673172,0.14235903322696686,0.01227499544620514,0,0.03712812221299464,0.00704593463919413,0
yanxingzhuo,2,a002.wav,"sub_Bass drum_nfdEqi5YMjk_1+Baby cry, infant cry_PVSHN_arz2k_1.wav","D:\D\research\audioset下载\audio_pairs_2s\subcategory_pairs\sub_Bass drum_nfdEqi5YMjk_1+Baby cry, infant cry_PVSHN_arz2k_1.wav",2,1,0.2525174021720886,0.30947425961494446,-0.056956857442855835,1,0.023782750238747492,0.021125368473135623,0
yanxingzhuo,2,a003.wav,"sub_Female speech, woman speaking_MfavlJej70A_1+Bass drum_GrACpo7aonA_1.wav","D:\D\research\audioset下载\audio_pairs_2s\subcategory_pairs\sub_Female speech, woman speaking_MfavlJej70A_1+Bass drum_GrACpo7aonA_1.wav",1,0,0.04684774577617645,0.21470583975315094,-0.1678580939769745,1,0.03345741516258426,0.019585215278095806,0
yanxingzhuo,2,a004.wav,"sub_Female speech, woman speaking_LysFhHBYTmE_1+Helicopter_t0txEC0Rhdg_1.wav","D:\D\research\audioset下载\audio_pairs_2s\subcategory_pairs\sub_Female speech, woman speaking_LysFhHBYTmE_1+Helicopter_t0txEC0Rhdg_1.wav",2,1,0.22248727083206177,0.12231294810771942,0.10017432272434235,0,0.018925430181506348,0.030313977101890998,1
yanxingzhuo,2,a005.wav,"sub_Baby cry, infant cry_ypmfbwrqL4s_1+Female speech, woman speaking_HPfBYRU8tVM_1.wav","D:\D\research\audioset下载\audio_pairs_2s\subcategory_pairs\sub_Baby cry, infant cry_ypmfbwrqL4s_1+Female speech, woman speaking_HPfBYRU8tVM_1.wav",2,1,0.3533092737197876,0.2102241814136505,0.14308509230613708,0,0.03561908324408149,0.027981318023461578,0
yanxingzhuo,2,a006.wav,sub_Sad music_Y7SoAXBFUew_1+Telephone bell ringing_wg0LlkP_K3c_1.wav,D:\D\research\audioset下载\audio_pairs_2s\subcategory_pairs\sub_Sad music_Y7SoAXBFUew_1+Telephone bell ringing_wg0LlkP_K3c_1.wav,2,1,0.07309752702713013,0.16630646586418152,-0.09320893883705139,1,0.035617225143571886,0.019311372092620703,0
yanxingzhuo,2,a007.wav,sub_Computer keyboard_HKN2548Ts6A_1+Telephone bell ringing_JUL2kqVi4qI_1.wav,D:\D\research\audioset下载\audio_pairs_2s\subcategory_pairs\sub_Computer keyboard_HKN2548Ts6A_1+Telephone bell ringing_JUL2kqVi4qI_1.wav,2,1,0.22994369268417358,0.242732435464859,-0.012788742780685425,1,0.015337957553431564,0.03142276891838854,1
yanxingzhuo,2,a008.wav,"sub_Helicopter_R2Aq_j1TDSs_1+Male speech, man speaking_QNRche7AZkM_1.wav","D:\D\research\audioset下载\audio_pairs_2s\subcategory_pairs\sub_Helicopter_R2Aq_j1TDSs_1+Male speech, man speaking_QNRche7AZkM_1.wav",1,0,0.17155446112155914,0.23521149158477783,-0.06365703046321869,1,0.03577077406509107,0.022952383940606072,0
yanxingzhuo,2,a009.wav,"sub_Telephone bell ringing_HhP9eZ8cNIY_1+Female speech, woman speaking_1hba9jmspEQ_1.wav","D:\D\research\audioset下载\audio_pairs_2s\subcategory_pairs\sub_Telephone bell ringing_HhP9eZ8cNIY_1+Female speech, woman speaking_1hba9jmspEQ_1.wav",1,0,0.18631279468536377,0.24184013903141022,-0.05552734434604645,1,0.026080087313384768,0.011205365322814239,0
yanxingzhuo,2,a010.wav,"sub_Female speech, woman speaking_a7WAfwKi88Q_1+Helicopter_h5NTDVXiTiI_1.wav","D:\D\research\audioset下载\audio_pairs_2s\subcategory_pairs\sub_Female speech, woman speaking_a7WAfwKi88Q_1+Helicopter_h5NTDVXiTiI_1.wav",1,0,0.11717846989631653,0.1642274558544159,-0.047048985958099365,1,0.02096864244393639,0.03015065387042272,1
yanxingzhuo,2,a011.wav,"sub_Telephone bell ringing_3Kb4RHaZpxo_1+Male speech, man speaking_QNRche7AZkM_1.wav","D:\D\research\audioset下载\audio_pairs_2s\subcategory_pairs\sub_Telephone bell ringing_3Kb4RHaZpxo_1+Male speech, man speaking_QNRche7AZkM_1.wav",1,0,0.26087090373039246,0.23521149158477783,0.025659412145614624,0,0.03357963058858357,0.022952383940606072,0
yanxingzhuo,2,a012.wav,"sub_Baby cry, infant cry_PyXQVNaAbHc_1+Bass drum_G1-XHWLgtlA_1.wav","D:\D\research\audioset下载\audio_pairs_2s\subcategory_pairs\sub_Baby cry, infant cry_PyXQVNaAbHc_1+Bass drum_G1-XHWLgtlA_1.wav",1,0,0.32274121046066284,0.18712851405143738,0.13561269640922546,0,0.02118521588029352,0.013211608559799541,0
yanxingzhuo,2,a013.wav,"sub_Computer keyboard_VHUZvGxQbFA_1+Female speech, woman speaking_QXnJ2manIdI_1.wav","D:\D\research\audioset下载\audio_pairs_2s\subcategory_pairs\sub_Computer keyboard_VHUZvGxQbFA_1+Female speech, woman speaking_QXnJ2manIdI_1.wav",2,1,0.21952582895755768,0.17333272099494934,0.04619310796260834,0,0.021812452997667948,0.019135637900501747,0
yanxingzhuo,2,a014.wav,sub_Computer keyboard_iyroRIRrXUw_1+Sad music_fZjQBgPD1Ys_1.wav,D:\D\research\audioset下载\audio_pairs_2s\subcategory_pairs\sub_Computer keyboard_iyroRIRrXUw_1+Sad music_fZjQBgPD1Ys_1.wav,2,1,0.14235903322696686,0.154634028673172,-0.01227499544620514,1,0.00704593463919413,0.03712812221299464,1
yanxingzhuo,2,a015.wav,sub_Computer keyboard_VHUZvGxQbFA_1+Bass drum_1rJWW_KqeAw_1.wav,D:\D\research\audioset下载\audio_pairs_2s\subcategory_pairs\sub_Computer keyboard_VHUZvGxQbFA_1+Bass drum_1rJWW_KqeAw_1.wav,2,1,0.21952582895755768,0.22193044424057007,-0.00240461528301239,1,0.021812452997667948,0.026895034446554646,1
yanxingzhuo,2,a016.wav,"sub_Male speech, man speaking_1OFDyTzUj24_1+Computer keyboard_HKN2548Ts6A_1.wav","D:\D\research\audioset下载\audio_pairs_2s\subcategory_pairs\sub_Male speech, man speaking_1OFDyTzUj24_1+Computer keyboard_HKN2548Ts6A_1.wav",1,0,0.21842926740646362,0.22994369268417358,-0.011514425277709961,1,0.017769420048526056,0.015337957553431564,0
yanxingzhuo,2,a017.wav,sub_Helicopter_z4HX8-du2nQ_1+Bass drum_nfdEqi5YMjk_1.wav,D:\D\research\audioset下载\audio_pairs_2s\subcategory_pairs\sub_Helicopter_z4HX8-du2nQ_1+Bass drum_nfdEqi5YMjk_1.wav,1,0,0.2374526411294937,0.2525174021720886,-0.01506476104259491,1,0.0337619871616582,0.023782750238747492,0
yanxingzhuo,2,a018.wav,"sub_Computer keyboard_HKN2548Ts6A_1+Male speech, man speaking_1OFDyTzUj24_1.wav","D:\D\research\audioset下载\audio_pairs_2s\subcategory_pairs\sub_Computer keyboard_HKN2548Ts6A_1+Male speech, man speaking_1OFDyTzUj24_1.wav",2,1,0.22994369268417358,0.21842926740646362,0.011514425277709961,0,0.015337957553431564,0.017769420048526056,1
yanxingzhuo,2,a019.wav,sub_Telephone bell ringing_N2jZmXePKV0_1+Computer keyboard_VQbC7Oth7wQ_1.wav,D:\D\research\audioset下载\audio_pairs_2s\subcategory_pairs\sub_Telephone bell ringing_N2jZmXePKV0_1+Computer keyboard_VQbC7Oth7wQ_1.wav,2,1,0.19966700673103333,0.2045033723115921,-0.004836365580558777,1,0.01948435864164277,0.01854362207590696,0
yanxingzhuo,2,a020.wav,sub_Helicopter_t0txEC0Rhdg_1+Sad music_6CaZAITdAsk_1.wav,D:\D\research\audioset下载\audio_pairs_2s\subcategory_pairs\sub_Helicopter_t0txEC0Rhdg_1+Sad music_6CaZAITdAsk_1.wav,2,1,0.12231294810771942,0.20593127608299255,-0.08361832797527313,1,0.030313977101890998,0.034457693973890785,1
yanxingzhuo,2,a021.wav,sub_Telephone bell ringing_TRgs9jv8ah0_1+Bass drum_ov_g-r7Vo8M_1.wav,D:\D\research\audioset下载\audio_pairs_2s\subcategory_pairs\sub_Telephone bell ringing_TRgs9jv8ah0_1+Bass drum_ov_g-r7Vo8M_1.wav,2,1,0.20252373814582825,0.14702188968658447,0.055501848459243774,0,0.03386082589034153,0.023070768089542986,0
yanxingzhuo,2,a022.wav,"sub_Computer keyboard_4O-dYCrVKLY_1+Male speech, man speaking_Fihamhv6TJo_1.wav","D:\D\research\audioset下载\audio_pairs_2s\subcategory_pairs\sub_Computer keyboard_4O-dYCrVKLY_1+Male speech, man speaking_Fihamhv6TJo_1.wav",2,1,0.17508554458618164,0.12907478213310242,0.046010762453079224,0,0.016282165617939482,0.02744716012223882,1
yanxingzhuo,2,a023.wav,"sub_Bass drum_G1-XHWLgtlA_1+Baby cry, infant cry_PyXQVNaAbHc_1.wav","D:\D\research\audioset下载\audio_pairs_2s\subcategory_pairs\sub_Bass drum_G1-XHWLgtlA_1+Baby cry, infant cry_PyXQVNaAbHc_1.wav",1,0,0.18712851405143738,0.32274121046066284,-0.13561269640922546,1,0.013211608559799541,0.02118521588029352,1
yanxingzhuo,2,a024.wav,sub_Sad music_-f6s6kQEHFY_1+Telephone bell ringing_cQci9o1C4UY_1.wav,D:\D\research\audioset下载\audio_pairs_2s\subcategory_pairs\sub_Sad music_-f6s6kQEHFY_1+Telephone bell ringing_cQci9o1C4UY_1.wav,2,1,0.1900234818458557,0.24241432547569275,-0.052390843629837036,1,0.028806453982167336,0.023322889394370418,0
yanxingzhuo,2,a025.wav,"sub_Computer keyboard_z2-3fMOOexU_1+Baby cry, infant cry_wVVBhbrnj9s_1.wav","D:\D\research\audioset下载\audio_pairs_2s\subcategory_pairs\sub_Computer keyboard_z2-3fMOOexU_1+Baby cry, infant cry_wVVBhbrnj9s_1.wav",2,1,0.0750311017036438,0.2693762183189392,-0.1943451166152954,1,0.015737021213874106,0.029695993992929506,1
yanxingzhuo,2,a026.wav,"sub_Sad music_y_toDfeACWE_1+Baby cry, infant cry_dIIiaO12I5Q_1.wav","D:\D\research\audioset下载\audio_pairs_2s\subcategory_pairs\sub_Sad music_y_toDfeACWE_1+Baby cry, infant cry_dIIiaO12I5Q_1.wav",2,1,0.13569843769073486,0.32512813806533813,-0.18942970037460327,1,0.016866205905453416,0.029880779617539956,1
yanxingzhuo,2,a027.wav,"sub_Female speech, woman speaking_QXnJ2manIdI_1+Sad music_eQTK2fo3RoE_1.wav","D:\D\research\audioset下载\audio_pairs_2s\subcategory_pairs\sub_Female speech, woman speaking_QXnJ2manIdI_1+Sad music_eQTK2fo3RoE_1.wav",2,1,0.17333272099494934,0.07471414655447006,0.09861857444047928,0,0.019135637900501747,0.0235679678418862,1
yanxingzhuo,2,a028.wav,"sub_Sad music_6vRBp8jo40Q_1+Female speech, woman speaking_LrcvUfmRN8k_1.wav","D:\D\research\audioset下载\audio_pairs_2s\subcategory_pairs\sub_Sad music_6vRBp8jo40Q_1+Female speech, woman speaking_LrcvUfmRN8k_1.wav",1,0,0.12646645307540894,0.2578538656234741,-0.13138741254806519,1,0.03952871402931249,0.020230268639673542,0
yanxingzhuo,2,a029.wav,"sub_Baby cry, infant cry_dIIiaO12I5Q_1+Bass drum_6DwlcJyDyxc_1.wav","D:\D\research\audioset下载\audio_pairs_2s\subcategory_pairs\sub_Baby cry, infant cry_dIIiaO12I5Q_1+Bass drum_6DwlcJyDyxc_1.wav",1,0,0.32512813806533813,0.1997656226158142,0.12536251544952393,0,0.029880779617539956,0.016877288193388483,0
yanxingzhuo,2,a030.wav,"sub_Female speech, woman speaking_MfavlJej70A_1+Computer keyboard_24tWz7gmngI_1.wav","D:\D\research\audioset下载\audio_pairs_2s\subcategory_pairs\sub_Female speech, woman speaking_MfavlJej70A_1+Computer keyboard_24tWz7gmngI_1.wav",1,0,0.04684774577617645,0.11218379437923431,-0.06533604860305786,1,0.03345741516258426,0.012254043334320237,0
yanxingzhuo,2,a031.wav,"sub_Female speech, woman speaking_HPfBYRU8tVM_1+Helicopter_6_NEAEGeFIw_1.wav","D:\D\research\audioset下载\audio_pairs_2s\subcategory_pairs\sub_Female speech, woman speaking_HPfBYRU8tVM_1+Helicopter_6_NEAEGeFIw_1.wav",1,0,0.2102241814136505,0.1179148480296135,0.09230933338403702,0,0.027981318023461578,0.03224426745635446,1
yanxingzhuo,2,a032.wav,"sub_Bass drum_JesyktMT-Dk_1+Male speech, man speaking_gPaoJv-NrEU_1.wav","D:\D\research\audioset下载\audio_pairs_2s\subcategory_pairs\sub_Bass drum_JesyktMT-Dk_1+Male speech, man speaking_gPaoJv-NrEU_1.wav",2,1,0.1732480674982071,0.20261499285697937,-0.029366925358772278,1,0.02185939767935835,0.031558803978028384,1
yanxingzhuo,2,a033.wav,"sub_Sad music_dwSj0Rr3vFc_1+Male speech, man speaking_BuIMVqz85uk_1.wav","D:\D\research\audioset下载\audio_pairs_2s\subcategory_pairs\sub_Sad music_dwSj0Rr3vFc_1+Male speech, man speaking_BuIMVqz85uk_1.wav",2,1,0.17465898394584656,0.22208231687545776,-0.047423332929611206,1,0.03983621562369695,0.034384155084835534,0
yanxingzhuo,2,a034.wav,sub_Telephone bell ringing_FIM7nfN6IT0_1+Bass drum_4bJeisLGFuA_1.wav,D:\D\research\audioset下载\audio_pairs_2s\subcategory_pairs\sub_Telephone bell ringing_FIM7nfN6IT0_1+Bass drum_4bJeisLGFuA_1.wav,2,1,0.24325110018253326,0.16625916957855225,0.07699193060398102,0,0.01848322117344395,0.020439644205804595,1
yanxingzhuo,2,a035.wav,sub_Telephone bell ringing_0ZAfYE4bgs8_1+Computer keyboard_MQtUV_cFcm8_1.wav,D:\D\research\audioset下载\audio_pairs_2s\subcategory_pairs\sub_Telephone bell ringing_0ZAfYE4bgs8_1+Computer keyboard_MQtUV_cFcm8_1.wav,1,0,0.15856918692588806,0.056705161929130554,0.10186402499675751,0,0.011660886296134597,0.02525583930582542,1
yanxingzhuo,2,a036.wav,"sub_Telephone bell ringing_TRgs9jv8ah0_1+Female speech, woman speaking_QXnJ2manIdI_1.wav","D:\D\research\audioset下载\audio_pairs_2s\subcategory_pairs\sub_Telephone bell ringing_TRgs9jv8ah0_1+Female speech, woman speaking_QXnJ2manIdI_1.wav",2,1,0.20252373814582825,0.17333272099494934,0.029191017150878906,0,0.03386082589034153,0.019135637900501747,0
yanxingzhuo,2,a037.wav,"sub_Male speech, man speaking_9wkgTdE7nz8_1+Sad music_-f6s6kQEHFY_1.wav","D:\D\research\audioset下载\audio_pairs_2s\subcategory_pairs\sub_Male speech, man speaking_9wkgTdE7nz8_1+Sad music_-f6s6kQEHFY_1.wav",2,1,0.2461727261543274,0.1900234818458557,0.05614924430847168,0,0.027226992821161686,0.028806453982167336,1
yanxingzhuo,2,a038.wav,"sub_Baby cry, infant cry_P02Zdk3amjk_1+Computer keyboard_P9qEFBa2s8Q_1.wav","D:\D\research\audioset下载\audio_pairs_2s\subcategory_pairs\sub_Baby cry, infant cry_P02Zdk3amjk_1+Computer keyboard_P9qEFBa2s8Q_1.wav",1,0,0.23120436072349548,0.07968397438526154,0.15152038633823395,0,0.015565673916010218,0.017288184468420606,1
yanxingzhuo,2,a039.wav,"sub_Female speech, woman speaking_-1LQP2wemiQ_1+Baby cry, infant cry_s_Le6PwhssI_1.wav","D:\D\research\audioset下载\audio_pairs_2s\subcategory_pairs\sub_Female speech, woman speaking_-1LQP2wemiQ_1+Baby cry, infant cry_s_Le6PwhssI_1.wav",2,1,0.20875146985054016,0.32947874069213867,-0.12072727084159851,1,0.017467544211007387,0.02123882576390495,1
yanxingzhuo,2,a040.wav,"sub_Helicopter_R1zoAMguO3A_1+Baby cry, infant cry_ZnGO4o9SqHY_1.wav","D:\D\research\audioset下载\audio_pairs_2s\subcategory_pairs\sub_Helicopter_R1zoAMguO3A_1+Baby cry, infant cry_ZnGO4o9SqHY_1.wav",1,0,0.2648676037788391,0.17951032519340515,0.08535727858543396,0,0.03446795801768726,0.02052144823027912,0
yanxingzhuo,2,a041.wav,"sub_Male speech, man speaking_BuIMVqz85uk_1+Sad music_dwSj0Rr3vFc_1.wav","D:\D\research\audioset下载\audio_pairs_2s\subcategory_pairs\sub_Male speech, man speaking_BuIMVqz85uk_1+Sad music_dwSj0Rr3vFc_1.wav",1,0,0.22208231687545776,0.17465898394584656,0.047423332929611206,0,0.034384155084835534,0.03983621562369695,1
yanxingzhuo,2,a042.wav,"sub_Computer keyboard_VQbC7Oth7wQ_1+Male speech, man speaking_BuIMVqz85uk_1.wav","D:\D\research\audioset下载\audio_pairs_2s\subcategory_pairs\sub_Computer keyboard_VQbC7Oth7wQ_1+Male speech, man speaking_BuIMVqz85uk_1.wav",2,1,0.2045033723115921,0.22208231687545776,-0.01757894456386566,1,0.01854362207590696,0.034384155084835534,1
yanxingzhuo,2,a043.wav,sub_Bass drum_xTVn_voSi3Q_1+Telephone bell ringing_nBA65g90mnA_1.wav,D:\D\research\audioset下载\audio_pairs_2s\subcategory_pairs\sub_Bass drum_xTVn_voSi3Q_1+Telephone bell ringing_nBA65g90mnA_1.wav,1,0,0.20192918181419373,0.264318585395813,-0.06238940358161926,1,0.037672028133066235,0.011962978857016382,0
yanxingzhuo,2,a044.wav,"sub_Female speech, woman speaking_vuD0qyibQyQ_1+Computer keyboard_P9qEFBa2s8Q_1.wav","D:\D\research\audioset下载\audio_pairs_2s\subcategory_pairs\sub_Female speech, woman speaking_vuD0qyibQyQ_1+Computer keyboard_P9qEFBa2s8Q_1.wav",1,0,0.15355730056762695,0.07968397438526154,0.07387332618236542,0,0.027836392522283607,0.017288184468420606,0
yanxingzhuo,2,a045.wav,sub_Helicopter_z4HX8-du2nQ_1+Sad music_KxjiEi2Eywk_1.wav,D:\D\research\audioset下载\audio_pairs_2s\subcategory_pairs\sub_Helicopter_z4HX8-du2nQ_1+Sad music_KxjiEi2Eywk_1.wav,1,0,0.2374526411294937,0.15429534018039703,0.08315730094909668,0,0.0337619871616582,0.02837506195642908,0
yanxingzhuo,2,a046.wav,"sub_Helicopter_EOKUV6hgMhM_1+Female speech, woman speaking_n6lloBIIZ-k_1.wav","D:\D\research\audioset下载\audio_pairs_2s\subcategory_pairs\sub_Helicopter_EOKUV6hgMhM_1+Female speech, woman speaking_n6lloBIIZ-k_1.wav",2,1,0.22658462822437286,0.23039484024047852,-0.003810212016105652,1,0.016602581913552707,0.016687025980569842,1
yanxingzhuo,2,a047.wav,sub_Helicopter_GO_1gBjIR1c_1+Telephone bell ringing_8bRQgDQyTNw_1.wav,D:\D\research\audioset下载\audio_pairs_2s\subcategory_pairs\sub_Helicopter_GO_1gBjIR1c_1+Telephone bell ringing_8bRQgDQyTNw_1.wav,2,1,0.19670447707176208,0.17827099561691284,0.018433481454849243,0,0.04695372131513407,0.03428080792696428,0
yanxingzhuo,2,a048.wav,"sub_Helicopter_8Fut6ZU85Fs_1+Baby cry, infant cry_z15CKEUxkEg_1.wav","D:\D\research\audioset下载\audio_pairs_2s\subcategory_pairs\sub_Helicopter_8Fut6ZU85Fs_1+Baby cry, infant cry_z15CKEUxkEg_1.wav",1,0,0.1863502562046051,0.3207845389842987,-0.1344342827796936,1,0.031190049155566505,0.026606538561588126,0
yanxingzhuo,2,a049.wav,"sub_Male speech, man speaking_9wkgTdE7nz8_1+Computer keyboard_VHUZvGxQbFA_1.wav","D:\D\research\audioset下载\audio_pairs_2s\subcategory_pairs\sub_Male speech, man speaking_9wkgTdE7nz8_1+Computer keyboard_VHUZvGxQbFA_1.wav",1,0,0.2461727261543274,0.21952582895755768,0.026646897196769714,0,0.027226992821161686,0.021812452997667948,0
yanxingzhuo,2,a050.wav,"sub_Baby cry, infant cry_ypmfbwrqL4s_1+Computer keyboard_rTh92nlG9io_1.wav","D:\D\research\audioset下载\audio_pairs_2s\subcategory_pairs\sub_Baby cry, infant cry_ypmfbwrqL4s_1+Computer keyboard_rTh92nlG9io_1.wav",1,0,0.3533092737197876,0.09708543121814728,0.2562238425016403,0,0.03561908324408149,0.013735322247026793,0
yanxingzhuo,2,a051.wav,"sub_Female speech, woman speaking_2ofK2gAQue4_1+Baby cry, infant cry_UFcUTwPlFAU_1.wav","D:\D\research\audioset下载\audio_pairs_2s\subcategory_pairs\sub_Female speech, woman speaking_2ofK2gAQue4_1+Baby cry, infant cry_UFcUTwPlFAU_1.wav",2,1,0.22387957572937012,0.3021028935909271,-0.078223317861557,1,0.006277651219279194,0.03210689261674738,1
yanxingzhuo,2,a052.wav,sub_Computer keyboard_MQtUV_cFcm8_1+Bass drum_2qGjgfpQtFI_1.wav,D:\D\research\audioset下载\audio_pairs_2s\subcategory_pairs\sub_Computer keyboard_MQtUV_cFcm8_1+Bass drum_2qGjgfpQtFI_1.wav,1,0,0.056705161929130554,0.23250363767147064,-0.1757984757423401,1,0.02525583930582542,0.03059836853277941,1
yanxingzhuo,2,a053.wav,"sub_Sad music_-f6s6kQEHFY_1+Male speech, man speaking_9wkgTdE7nz8_1.wav","D:\D\research\audioset下载\audio_pairs_2s\subcategory_pairs\sub_Sad music_-f6s6kQEHFY_1+Male speech, man speaking_9wkgTdE7nz8_1.wav",2,1,0.1900234818458557,0.2461727261543274,-0.05614924430847168,1,0.028806453982167336,0.027226992821161686,0
yanxingzhuo,2,a054.wav,"sub_Bass drum_3k8zGf8Btfo_1+Female speech, woman speaking_lO1rUT_MTjk_1.wav","D:\D\research\audioset下载\audio_pairs_2s\subcategory_pairs\sub_Bass drum_3k8zGf8Btfo_1+Female speech, woman speaking_lO1rUT_MTjk_1.wav",1,0,0.20558224618434906,0.33074361085891724,-0.12516136467456818,1,0.0246707653126498,0.02667689995972267,1
yanxingzhuo,2,a055.wav,sub_Sad music_I0q3IGmTkRo_1+Telephone bell ringing_0ZAfYE4bgs8_1.wav,D:\D\research\audioset下载\audio_pairs_2s\subcategory_pairs\sub_Sad music_I0q3IGmTkRo_1+Telephone bell ringing_0ZAfYE4bgs8_1.wav,2,1,0.167400062084198,0.15856918692588806,0.008830875158309937,0,0.03734753911287748,0.011660886296134597,0
yanxingzhuo,2,a056.wav,"sub_Telephone bell ringing_P-QOd_28o9c_1+Male speech, man speaking_Fihamhv6TJo_1.wav","D:\D\research\audioset下载\audio_pairs_2s\subcategory_pairs\sub_Telephone bell ringing_P-QOd_28o9c_1+Male speech, man speaking_Fihamhv6TJo_1.wav",1,0,-0.07122160494327545,0.12907478213310242,-0.20029638707637787,1,0.02489902672598854,0.02744716012223882,1
yanxingzhuo,2,a057.wav,sub_Helicopter_h5NTDVXiTiI_1+Sad music_9aE33JEIGOg_1.wav,D:\D\research\audioset下载\audio_pairs_2s\subcategory_pairs\sub_Helicopter_h5NTDVXiTiI_1+Sad music_9aE33JEIGOg_1.wav,1,0,0.1642274558544159,0.2783162295818329,-0.11408877372741699,1,0.03015065387042272,0.03993854029842428,1
yanxingzhuo,2,a058.wav,sub_Sad music_Y7SoAXBFUew_1+Helicopter_jkvXuu8XltI_1.wav,D:\D\research\audioset下载\audio_pairs_2s\subcategory_pairs\sub_Sad music_Y7SoAXBFUew_1+Helicopter_jkvXuu8XltI_1.wav,1,0,0.07309752702713013,0.11986648291349411,-0.04676895588636398,1,0.035617225143571886,0.043444815280350046,1
yanxingzhuo,2,a059.wav,sub_Sad music_dsibOgkezN8_1+Telephone bell ringing_TRgs9jv8ah0_1.wav,D:\D\research\audioset下载\audio_pairs_2s\subcategory_pairs\sub_Sad music_dsibOgkezN8_1+Telephone bell ringing_TRgs9jv8ah0_1.wav,2,1,0.2151850461959839,0.20252373814582825,0.01266130805015564,0,0.02658915691660165,0.03386082589034153,1
yanxingzhuo,2,a060.wav,"sub_Female speech, woman speaking_-fAGzY9rnaA_1+Bass drum_y0TDJyuco0I_1.wav","D:\D\research\audioset下载\audio_pairs_2s\subcategory_pairs\sub_Female speech, woman speaking_-fAGzY9rnaA_1+Bass drum_y0TDJyuco0I_1.wav",1,0,0.08587349951267242,0.12885376811027527,-0.042980268597602844,1,0.02882286503977782,0.027004778406769226,0
yanxingzhuo,2,a061.wav,sub_Sad music_6CaZAITdAsk_1+Helicopter_t0txEC0Rhdg_1.wav,D:\D\research\audioset下载\audio_pairs_2s\subcategory_pairs\sub_Sad music_6CaZAITdAsk_1+Helicopter_t0txEC0Rhdg_1.wav,2,1,0.20593127608299255,0.12231294810771942,0.08361832797527313,0,0.034457693973890785,0.030313977101890998,0
yanxingzhuo,2,a062.wav,"sub_Computer keyboard_4O-dYCrVKLY_1+Female speech, woman speaking_-1LQP2wemiQ_1.wav","D:\D\research\audioset下载\audio_pairs_2s\subcategory_pairs\sub_Computer keyboard_4O-dYCrVKLY_1+Female speech, woman speaking_-1LQP2wemiQ_1.wav",2,1,0.17508554458618164,0.20875146985054016,-0.03366592526435852,1,0.016282165617939482,0.017467544211007387,1
yanxingzhuo,2,a063.wav,sub_Telephone bell ringing_8UQI59N-bAs_1+Bass drum_u77nPT6b60k_1.wav,D:\D\research\audioset下载\audio_pairs_2s\subcategory_pairs\sub_Telephone bell ringing_8UQI59N-bAs_1+Bass drum_u77nPT6b60k_1.wav,1,0,0.19591394066810608,0.19294287264347076,0.002971068024635315,0,0.024386343738287998,0.028655266490392118,1
yanxingzhuo,2,a064.wav,sub_Telephone bell ringing_8UQI59N-bAs_1+Computer keyboard_uLdRi__nG2c_1.wav,D:\D\research\audioset下载\audio_pairs_2s\subcategory_pairs\sub_Telephone bell ringing_8UQI59N-bAs_1+Computer keyboard_uLdRi__nG2c_1.wav,1,0,0.19591394066810608,0.1435331106185913,0.05238083004951477,0,0.024386343738287998,0.009341872385155802,0
yanxingzhuo,2,a065.wav,"sub_Female speech, woman speaking_1hba9jmspEQ_1+Computer keyboard_rTh92nlG9io_1.wav","D:\D\research\audioset下载\audio_pairs_2s\subcategory_pairs\sub_Female speech, woman speaking_1hba9jmspEQ_1+Computer keyboard_rTh92nlG9io_1.wav",1,0,0.24184013903141022,0.09708543121814728,0.14475470781326294,0,0.011205365322814239,0.013735322247026793,1
yanxingzhuo,2,a066.wav,"sub_Male speech, man speaking_bO6gUBBcniY_1+Sad music_lmrzR9cSMRY_1.wav","D:\D\research\audioset下载\audio_pairs_2s\subcategory_pairs\sub_Male speech, man speaking_bO6gUBBcniY_1+Sad music_lmrzR9cSMRY_1.wav",1,0,0.16679570078849792,0.15623514354228973,0.010560557246208191,0,0.027914524189952532,0.027547265220659412,0
yanxingzhuo,2,a067.wav,"sub_Baby cry, infant cry_QyJ4Z0jRJ20_1+Sad music_6CaZAITdAsk_1.wav","D:\D\research\audioset下载\audio_pairs_2s\subcategory_pairs\sub_Baby cry, infant cry_QyJ4Z0jRJ20_1+Sad music_6CaZAITdAsk_1.wav",1,0,0.3034319281578064,0.20593127608299255,0.09750065207481384,0,0.019458638784637293,0.034457693973890785,1
yanxingzhuo,2,a068.wav,"sub_Male speech, man speaking_BuIMVqz85uk_1+Bass drum_oBsTZmqrpFQ_1.wav","D:\D\research\audioset下载\audio_pairs_2s\subcategory_pairs\sub_Male speech, man speaking_BuIMVqz85uk_1+Bass drum_oBsTZmqrpFQ_1.wav",1,0,0.22208231687545776,0.15396779775619507,0.0681145191192627,0,0.034384155084835534,0.033185759744709366,0
yanxingzhuo,2,a069.wav,sub_Computer keyboard_24tWz7gmngI_1+Sad music_6CaZAITdAsk_1.wav,D:\D\research\audioset下载\audio_pairs_2s\subcategory_pairs\sub_Computer keyboard_24tWz7gmngI_1+Sad music_6CaZAITdAsk_1.wav,2,1,0.11218379437923431,0.20593127608299255,-0.09374748170375824,1,0.012254043334320237,0.034457693973890785,1
yanxingzhuo,2,a070.wav,"sub_Baby cry, infant cry_hC7sSMWLwDo_1+Computer keyboard_Jz5wulRv1Ps_1.wav","D:\D\research\audioset下载\audio_pairs_2s\subcategory_pairs\sub_Baby cry, infant cry_hC7sSMWLwDo_1+Computer keyboard_Jz5wulRv1Ps_1.wav",2,1,0.42617666721343994,0.05724233761429787,0.3689343295991421,0,0.01730174188439675,0.012851288245006153,0
yanxingzhuo,2,a071.wav,sub_Telephone bell ringing_cQci9o1C4UY_1+Sad music_-f6s6kQEHFY_1.wav,D:\D\research\audioset下载\audio_pairs_2s\subcategory_pairs\sub_Telephone bell ringing_cQci9o1C4UY_1+Sad music_-f6s6kQEHFY_1.wav,2,1,0.24241432547569275,0.1900234818458557,0.052390843629837036,0,0.023322889394370418,0.028806453982167336,1
yanxingzhuo,2,a072.wav,sub_Bass drum_p5i3sd1uubo_1+Computer keyboard_z2-3fMOOexU_1.wav,D:\D\research\audioset下载\audio_pairs_2s\subcategory_pairs\sub_Bass drum_p5i3sd1uubo_1+Computer keyboard_z2-3fMOOexU_1.wav,2,1,0.27660253643989563,0.0750311017036438,0.20157143473625183,0,0.008981369588046888,0.015737021213874106,1
yanxingzhuo,2,a073.wav,"sub_Helicopter_R2Aq_j1TDSs_1+Female speech, woman speaking_QXnJ2manIdI_1.wav","D:\D\research\audioset下载\audio_pairs_2s\subcategory_pairs\sub_Helicopter_R2Aq_j1TDSs_1+Female speech, woman speaking_QXnJ2manIdI_1.wav",1,0,0.17155446112155914,0.17333272099494934,-0.0017782598733901978,1,0.03577077406509107,0.019135637900501747,0
yanxingzhuo,2,a074.wav,"sub_Male speech, man speaking_JLKsLx_SGOU_1+Helicopter_W3u2hj1x7gY_1.wav","D:\D\research\audioset下载\audio_pairs_2s\subcategory_pairs\sub_Male speech, man speaking_JLKsLx_SGOU_1+Helicopter_W3u2hj1x7gY_1.wav",1,0,0.10626925528049469,0.2960547208786011,-0.18978546559810638,1,0.009167009674191614,0.025070262424948236,1
yanxingzhuo,2,a075.wav,"sub_Bass drum_OrYHuCwfvb4_1+Female speech, woman speaking_n6lloBIIZ-k_1.wav","D:\D\research\audioset下载\audio_pairs_2s\subcategory_pairs\sub_Bass drum_OrYHuCwfvb4_1+Female speech, woman speaking_n6lloBIIZ-k_1.wav",2,1,0.19532236456871033,0.23039484024047852,-0.03507247567176819,1,0.039433855436534465,0.016687025980569842,0
yanxingzhuo,2,a076.wav,"sub_Baby cry, infant cry_XZ5oHxjfHKY_1+Computer keyboard_Ti0Ck0xTdw4_1.wav","D:\D\research\audioset下载\audio_pairs_2s\subcategory_pairs\sub_Baby cry, infant cry_XZ5oHxjfHKY_1+Computer keyboard_Ti0Ck0xTdw4_1.wav",1,0,0.3260090947151184,0.2991736829280853,0.02683541178703308,0,0.012037681483777415,0.006035326468433831,0
yanxingzhuo,2,a077.wav,"sub_Bass drum_uNpSMpqlkMA_1+Male speech, man speaking_Ky8aKwI522Q_1.wav","D:\D\research\audioset下载\audio_pairs_2s\subcategory_pairs\sub_Bass drum_uNpSMpqlkMA_1+Male speech, man speaking_Ky8aKwI522Q_1.wav",2,1,0.24160143733024597,0.09816574305295944,0.14343569427728653,0,0.014815168932340072,0.019951914097412596,1
yanxingzhuo,2,a078.wav,sub_Telephone bell ringing_wg0LlkP_K3c_1+Computer keyboard_Ti0Ck0xTdw4_1.wav,D:\D\research\audioset下载\audio_pairs_2s\subcategory_pairs\sub_Telephone bell ringing_wg0LlkP_K3c_1+Computer keyboard_Ti0Ck0xTdw4_1.wav,1,0,0.16630646586418152,0.2991736829280853,-0.1328672170639038,1,0.019311372092620703,0.006035326468433831,0
yanxingzhuo,2,a079.wav,"sub_Male speech, man speaking_GnmgSQq6E54_1+Baby cry, infant cry_2eWobSpugTw_1.wav","D:\D\research\audioset下载\audio_pairs_2s\subcategory_pairs\sub_Male speech, man speaking_GnmgSQq6E54_1+Baby cry, infant cry_2eWobSpugTw_1.wav",1,0,0.27065181732177734,0.36616450548171997,-0.09551268815994263,1,0.01850078388162459,0.017638425939089094,0
yanxingzhuo,2,a080.wav,sub_Computer keyboard_HKN2548Ts6A_1+Sad music_xIdWJyhWueE_1.wav,D:\D\research\audioset下载\audio_pairs_2s\subcategory_pairs\sub_Computer keyboard_HKN2548Ts6A_1+Sad music_xIdWJyhWueE_1.wav,2,1,0.22994369268417358,0.10191518068313599,0.1280285120010376,0,0.015337957553431564,0.03972820822779523,1
yanxingzhuo,2,a081.wav,"sub_Female speech, woman speaking_-fAGzY9rnaA_1+Computer keyboard_z2-3fMOOexU_1.wav","D:\D\research\audioset下载\audio_pairs_2s\subcategory_pairs\sub_Female speech, woman speaking_-fAGzY9rnaA_1+Computer keyboard_z2-3fMOOexU_1.wav",1,0,0.08587349951267242,0.0750311017036438,0.010842397809028625,0,0.02882286503977782,0.015737021213874106,0
yanxingzhuo,2,a082.wav,"sub_Sad music_9aE33JEIGOg_1+Baby cry, infant cry_z15CKEUxkEg_1.wav","D:\D\research\audioset下载\audio_pairs_2s\subcategory_pairs\sub_Sad music_9aE33JEIGOg_1+Baby cry, infant cry_z15CKEUxkEg_1.wav",2,1,0.2783162295818329,0.3207845389842987,-0.04246830940246582,1,0.03993854029842428,0.026606538561588126,0
yanxingzhuo,2,a083.wav,"sub_Computer keyboard_24tWz7gmngI_1+Female speech, woman speaking_MfavlJej70A_1.wav","D:\D\research\audioset下载\audio_pairs_2s\subcategory_pairs\sub_Computer keyboard_24tWz7gmngI_1+Female speech, woman speaking_MfavlJej70A_1.wav",2,1,0.11218379437923431,0.04684774577617645,0.06533604860305786,0,0.012254043334320237,0.03345741516258426,1
yanxingzhuo,2,a084.wav,"sub_Male speech, man speaking_Fihamhv6TJo_1+Baby cry, infant cry_jHs2_FLtd9U_1.wav","D:\D\research\audioset下载\audio_pairs_2s\subcategory_pairs\sub_Male speech, man speaking_Fihamhv6TJo_1+Baby cry, infant cry_jHs2_FLtd9U_1.wav",1,0,0.12907478213310242,0.4057883024215698,-0.2767135202884674,1,0.02744716012223882,0.012330456501517057,0
yanxingzhuo,2,a085.wav,"sub_Baby cry, infant cry_tk4s-nlhmEQ_1+Helicopter_5slM2JWYnBw_1.wav","D:\D\research\audioset下载\audio_pairs_2s\subcategory_pairs\sub_Baby cry, infant cry_tk4s-nlhmEQ_1+Helicopter_5slM2JWYnBw_1.wav",2,1,0.3513612151145935,0.12392202019691467,0.22743919491767883,0,0.02361603505027917,0.027147148312238953,1
yanxingzhuo,2,a086.wav,"sub_Female speech, woman speaking_W6iwVLm51-k_1+Baby cry, infant cry_QhUa5vXLlCI_1.wav","D:\D\research\audioset下载\audio_pairs_2s\subcategory_pairs\sub_Female speech, woman speaking_W6iwVLm51-k_1+Baby cry, infant cry_QhUa5vXLlCI_1.wav",2,1,0.2611715495586395,0.20123791694641113,0.059933632612228394,0,0.015614557813666248,0.035361207469240014,1
yanxingzhuo,2,a087.wav,"sub_Male speech, man speaking_1OFDyTzUj24_1+Helicopter_z4HX8-du2nQ_1.wav","D:\D\research\audioset下载\audio_pairs_2s\subcategory_pairs\sub_Male speech, man speaking_1OFDyTzUj24_1+Helicopter_z4HX8-du2nQ_1.wav",1,0,0.21842926740646362,0.2374526411294937,-0.01902337372303009,1,0.017769420048526056,0.0337619871616582,1
yanxingzhuo,2,a088.wav,"sub_Female speech, woman speaking_W6iwVLm51-k_1+Sad music_T0oF8MyYhBM_1.wav","D:\D\research\audioset下载\audio_pairs_2s\subcategory_pairs\sub_Female speech, woman speaking_W6iwVLm51-k_1+Sad music_T0oF8MyYhBM_1.wav",2,1,0.2611715495586395,0.2158471643924713,0.04532438516616821,0,0.015614557813666248,0.033650112084658186,1
yanxingzhuo,2,a089.wav,"sub_Female speech, woman speaking_lO1rUT_MTjk_1+Computer keyboard_g3kkGbxwSLQ_1.wav","D:\D\research\audioset下载\audio_pairs_2s\subcategory_pairs\sub_Female speech, woman speaking_lO1rUT_MTjk_1+Computer keyboard_g3kkGbxwSLQ_1.wav",1,0,0.33074361085891724,0.17975765466690063,0.1509859561920166,0,0.02667689995972267,0.012677980974684219,0
yanxingzhuo,2,a090.wav,"sub_Female speech, woman speaking_QXnJ2manIdI_1+Computer keyboard_VHUZvGxQbFA_1.wav","D:\D\research\audioset下载\audio_pairs_2s\subcategory_pairs\sub_Female speech, woman speaking_QXnJ2manIdI_1+Computer keyboard_VHUZvGxQbFA_1.wav",1,0,0.17333272099494934,0.21952582895755768,-0.04619310796260834,1,0.019135637900501747,0.021812452997667948,1
yanxingzhuo,2,a091.wav,"sub_Computer keyboard_P9qEFBa2s8Q_1+Baby cry, infant cry_P02Zdk3amjk_1.wav","D:\D\research\audioset下载\audio_pairs_2s\subcategory_pairs\sub_Computer keyboard_P9qEFBa2s8Q_1+Baby cry, infant cry_P02Zdk3amjk_1.wav",2,1,0.07968397438526154,0.23120436072349548,-0.15152038633823395,1,0.017288184468420606,0.015565673916010218,0
yanxingzhuo,2,a092.wav,"sub_Computer keyboard_g3kkGbxwSLQ_1+Female speech, woman speaking_lO1rUT_MTjk_1.wav","D:\D\research\audioset下载\audio_pairs_2s\subcategory_pairs\sub_Computer keyboard_g3kkGbxwSLQ_1+Female speech, woman speaking_lO1rUT_MTjk_1.wav",2,1,0.17975765466690063,0.33074361085891724,-0.1509859561920166,1,0.012677980974684219,0.02667689995972267,1
yanxingzhuo,2,a093.wav,"sub_Male speech, man speaking_H85puQUqrQY_1+Bass drum_YnL6TJ_t068_1.wav","D:\D\research\audioset下载\audio_pairs_2s\subcategory_pairs\sub_Male speech, man speaking_H85puQUqrQY_1+Bass drum_YnL6TJ_t068_1.wav",1,0,0.2335149198770523,0.167755126953125,0.06575979292392731,0,0.012301038367430928,0.017973152554863234,1
yanxingzhuo,2,a094.wav,sub_Bass drum_-bJPDtT31p0_1+Helicopter_9nsLTLNvOSw_1.wav,D:\D\research\audioset下载\audio_pairs_2s\subcategory_pairs\sub_Bass drum_-bJPDtT31p0_1+Helicopter_9nsLTLNvOSw_1.wav,2,1,0.1344626247882843,0.2349580079317093,-0.10049538314342499,1,0.026194569256150588,0.02953913877489413,1
yanxingzhuo,2,a095.wav,"sub_Helicopter_t0txEC0Rhdg_1+Female speech, woman speaking_LysFhHBYTmE_1.wav","D:\D\research\audioset下载\audio_pairs_2s\subcategory_pairs\sub_Helicopter_t0txEC0Rhdg_1+Female speech, woman speaking_LysFhHBYTmE_1.wav",2,1,0.12231294810771942,0.22248727083206177,-0.10017432272434235,1,0.030313977101890998,0.018925430181506348,0
yanxingzhuo,2,a096.wav,sub_Telephone bell ringing_TRgs9jv8ah0_1+Helicopter_bq6C0_tAbJM_1.wav,D:\D\research\audioset下载\audio_pairs_2s\subcategory_pairs\sub_Telephone bell ringing_TRgs9jv8ah0_1+Helicopter_bq6C0_tAbJM_1.wav,1,0,0.20252373814582825,0.07397038489580154,0.1285533532500267,0,0.03386082589034153,0.034009340396442364,1
yanxingzhuo,2,a097.wav,sub_Helicopter_t0txEC0Rhdg_1+Telephone bell ringing_cQci9o1C4UY_1.wav,D:\D\research\audioset下载\audio_pairs_2s\subcategory_pairs\sub_Helicopter_t0txEC0Rhdg_1+Telephone bell ringing_cQci9o1C4UY_1.wav,1,0,0.12231294810771942,0.24241432547569275,-0.12010137736797333,1,0.030313977101890998,0.023322889394370418,0
yanxingzhuo,2,a098.wav,"sub_Bass drum_1rJWW_KqeAw_1+Female speech, woman speaking_EQ91XVsmq-I_1.wav","D:\D\research\audioset下载\audio_pairs_2s\subcategory_pairs\sub_Bass drum_1rJWW_KqeAw_1+Female speech, woman speaking_EQ91XVsmq-I_1.wav",2,1,0.22193044424057007,0.24911892414093018,-0.027188479900360107,1,0.026895034446554646,0.027686756367876732,1
yanxingzhuo,2,a099.wav,"sub_Baby cry, infant cry_2eWobSpugTw_1+Male speech, man speaking_GnmgSQq6E54_1.wav","D:\D\research\audioset下载\audio_pairs_2s\subcategory_pairs\sub_Baby cry, infant cry_2eWobSpugTw_1+Male speech, man speaking_GnmgSQq6E54_1.wav",2,1,0.36616450548171997,0.27065181732177734,0.09551268815994263,0,0.017638425939089094,0.01850078388162459,1
yanxingzhuo,2,a100.wav,"sub_Computer keyboard_z2-3fMOOexU_1+Female speech, woman speaking_-fAGzY9rnaA_1.wav","D:\D\research\audioset下载\audio_pairs_2s\subcategory_pairs\sub_Computer keyboard_z2-3fMOOexU_1+Female speech, woman speaking_-fAGzY9rnaA_1.wav",2,1,0.0750311017036438,0.08587349951267242,-0.010842397809028625,1,0.015737021213874106,0.02882286503977782,1
yanxingzhuo,2,a101.wav,sub_Sad music_y_toDfeACWE_1+Computer keyboard_whOLzTgCJds_1.wav,D:\D\research\audioset下载\audio_pairs_2s\subcategory_pairs\sub_Sad music_y_toDfeACWE_1+Computer keyboard_whOLzTgCJds_1.wav,1,0,0.13569843769073486,0.17951758205890656,-0.04381914436817169,1,0.016866205905453416,0.017542052869595218,1
yanxingzhuo,2,a102.wav,"sub_Helicopter_bq6C0_tAbJM_1+Male speech, man speaking_gPaoJv-NrEU_1.wav","D:\D\research\audioset下载\audio_pairs_2s\subcategory_pairs\sub_Helicopter_bq6C0_tAbJM_1+Male speech, man speaking_gPaoJv-NrEU_1.wav",2,1,0.07397038489580154,0.20261499285697937,-0.12864460796117783,1,0.034009340396442364,0.031558803978028384,0
yanxingzhuo,2,a103.wav,"sub_Male speech, man speaking_Fihamhv6TJo_1+Helicopter_GO_1gBjIR1c_1.wav","D:\D\research\audioset下载\audio_pairs_2s\subcategory_pairs\sub_Male speech, man speaking_Fihamhv6TJo_1+Helicopter_GO_1gBjIR1c_1.wav",1,0,0.12907478213310242,0.19670447707176208,-0.06762969493865967,1,0.02744716012223882,0.04695372131513407,1
yanxingzhuo,2,a104.wav,sub_Bass drum_vlNuy9e-79o_1+Telephone bell ringing_wg0LlkP_K3c_1.wav,D:\D\research\audioset下载\audio_pairs_2s\subcategory_pairs\sub_Bass drum_vlNuy9e-79o_1+Telephone bell ringing_wg0LlkP_K3c_1.wav,2,1,0.11602270603179932,0.16630646586418152,-0.0502837598323822,1,0.04114161595611999,0.019311372092620703,0
yanxingzhuo,2,a105.wav,"sub_Helicopter_W3u2hj1x7gY_1+Male speech, man speaking_JLKsLx_SGOU_1.wav","D:\D\research\audioset下载\audio_pairs_2s\subcategory_pairs\sub_Helicopter_W3u2hj1x7gY_1+Male speech, man speaking_JLKsLx_SGOU_1.wav",2,1,0.2960547208786011,0.10626925528049469,0.18978546559810638,0,0.025070262424948236,0.009167009674191614,0
yanxingzhuo,2,a106.wav,"sub_Bass drum_YnL6TJ_t068_1+Male speech, man speaking_H85puQUqrQY_1.wav","D:\D\research\audioset下载\audio_pairs_2s\subcategory_pairs\sub_Bass drum_YnL6TJ_t068_1+Male speech, man speaking_H85puQUqrQY_1.wav",2,1,0.167755126953125,0.2335149198770523,-0.06575979292392731,1,0.017973152554863234,0.012301038367430928,0
yanxingzhuo,2,a107.wav,sub_Helicopter_W3u2hj1x7gY_1+Sad music_3OUNEL8XaR0_1.wav,D:\D\research\audioset下载\audio_pairs_2s\subcategory_pairs\sub_Helicopter_W3u2hj1x7gY_1+Sad music_3OUNEL8XaR0_1.wav,2,1,0.2960547208786011,0.10246409475803375,0.19359062612056732,0,0.025070262424948236,0.02139235905130801,0
yanxingzhuo,2,a108.wav,sub_Bass drum_u77nPT6b60k_1+Telephone bell ringing_8UQI59N-bAs_1.wav,D:\D\research\audioset下载\audio_pairs_2s\subcategory_pairs\sub_Bass drum_u77nPT6b60k_1+Telephone bell ringing_8UQI59N-bAs_1.wav,2,1,0.19294287264347076,0.19591394066810608,-0.002971068024635315,1,0.028655266490392118,0.024386343738287998,0
yanxingzhuo,2,a109.wav,sub_Bass drum_3k8zGf8Btfo_1+Telephone bell ringing_HhP9eZ8cNIY_1.wav,D:\D\research\audioset下载\audio_pairs_2s\subcategory_pairs\sub_Bass drum_3k8zGf8Btfo_1+Telephone bell ringing_HhP9eZ8cNIY_1.wav,2,1,0.20558224618434906,0.18631279468536377,0.01926945149898529,0,0.0246707653126498,0.026080087313384768,1
yanxingzhuo,2,a110.wav,"sub_Male speech, man speaking_Fihamhv6TJo_1+Telephone bell ringing_P-QOd_28o9c_1.wav","D:\D\research\audioset下载\audio_pairs_2s\subcategory_pairs\sub_Male speech, man speaking_Fihamhv6TJo_1+Telephone bell ringing_P-QOd_28o9c_1.wav",2,1,0.12907478213310242,-0.07122160494327545,0.20029638707637787,0,0.02744716012223882,0.02489902672598854,0
yanxingzhuo,2,a111.wav,sub_Sad music_KxjiEi2Eywk_1+Helicopter_z4HX8-du2nQ_1.wav,D:\D\research\audioset下载\audio_pairs_2s\subcategory_pairs\sub_Sad music_KxjiEi2Eywk_1+Helicopter_z4HX8-du2nQ_1.wav,2,1,0.15429534018039703,0.2374526411294937,-0.08315730094909668,1,0.02837506195642908,0.0337619871616582,1
yanxingzhuo,2,a112.wav,sub_Telephone bell ringing_1isuXShxzOY_1+Sad music_3OUNEL8XaR0_1.wav,D:\D\research\audioset下载\audio_pairs_2s\subcategory_pairs\sub_Telephone bell ringing_1isuXShxzOY_1+Sad music_3OUNEL8XaR0_1.wav,1,0,0.2653381824493408,0.10246409475803375,0.16287408769130707,0,0.03609646116992179,0.02139235905130801,0
yanxingzhuo,2,a113.wav,"sub_Male speech, man speaking_H85puQUqrQY_1+Baby cry, infant cry_UFcUTwPlFAU_1.wav","D:\D\research\audioset下载\audio_pairs_2s\subcategory_pairs\sub_Male speech, man speaking_H85puQUqrQY_1+Baby cry, infant cry_UFcUTwPlFAU_1.wav",2,1,0.2335149198770523,0.3021028935909271,-0.06858797371387482,1,0.012301038367430928,0.03210689261674738,1
yanxingzhuo,2,a114.wav,"sub_Computer keyboard_Ti0Ck0xTdw4_1+Baby cry, infant cry_XZ5oHxjfHKY_1.wav","D:\D\research\audioset下载\audio_pairs_2s\subcategory_pairs\sub_Computer keyboard_Ti0Ck0xTdw4_1+Baby cry, infant cry_XZ5oHxjfHKY_1.wav",2,1,0.2991736829280853,0.3260090947151184,-0.02683541178703308,1,0.006035326468433831,0.012037681483777415,1
yanxingzhuo,2,a115.wav,"sub_Male speech, man speaking_Fihamhv6TJo_1+Sad music_MIexFfOsuJs_1.wav","D:\D\research\audioset下载\audio_pairs_2s\subcategory_pairs\sub_Male speech, man speaking_Fihamhv6TJo_1+Sad music_MIexFfOsuJs_1.wav",1,0,0.12907478213310242,0.28348007798194885,-0.15440529584884644,1,0.02744716012223882,0.02721486521344261,0
yanxingzhuo,2,a116.wav,sub_Telephone bell ringing_HhP9eZ8cNIY_1+Helicopter_Wr44Q8MQHL0_1.wav,D:\D\research\audioset下载\audio_pairs_2s\subcategory_pairs\sub_Telephone bell ringing_HhP9eZ8cNIY_1+Helicopter_Wr44Q8MQHL0_1.wav,1,0,0.18631279468536377,0.07292193174362183,0.11339086294174194,0,0.026080087313384768,0.03258769751000481,1
yanxingzhuo,2,a117.wav,"sub_Sad music_giPa2vVEyVc_1+Male speech, man speaking_QNRche7AZkM_1.wav","D:\D\research\audioset下载\audio_pairs_2s\subcategory_pairs\sub_Sad music_giPa2vVEyVc_1+Male speech, man speaking_QNRche7AZkM_1.wav",1,0,0.2772318720817566,0.23521149158477783,0.04202038049697876,0,0.027422134855894575,0.022952383940606072,0
yanxingzhuo,2,a118.wav,"sub_Female speech, woman speaking_QXnJ2manIdI_1+Baby cry, infant cry_Zm-sQnazFAQ_1.wav","D:\D\research\audioset下载\audio_pairs_2s\subcategory_pairs\sub_Female speech, woman speaking_QXnJ2manIdI_1+Baby cry, infant cry_Zm-sQnazFAQ_1.wav",2,1,0.17333272099494934,0.3335641920566559,-0.16023147106170654,1,0.019135637900501747,0.029361426265011495,1
yanxingzhuo,2,a119.wav,"sub_Baby cry, infant cry_nzwmPWAAQFg_1+Computer keyboard_66eFB3sy7Bw_1.wav","D:\D\research\audioset下载\audio_pairs_2s\subcategory_pairs\sub_Baby cry, infant cry_nzwmPWAAQFg_1+Computer keyboard_66eFB3sy7Bw_1.wav",1,0,0.357689768075943,0.26343226432800293,0.09425750374794006,0,0.011938539889963058,0.022719664422401392,1
yanxingzhuo,2,a120.wav,sub_Helicopter_jkvXuu8XltI_1+Telephone bell ringing_RthSBUaKjes_1.wav,D:\D\research\audioset下载\audio_pairs_2s\subcategory_pairs\sub_Helicopter_jkvXuu8XltI_1+Telephone bell ringing_RthSBUaKjes_1.wav,1,0,0.11986648291349411,0.19623711705207825,-0.07637063413858414,1,0.043444815280350046,0.02484404412607075,0
yanxingzhuo,2,a121.wav,"sub_Male speech, man speaking_H85puQUqrQY_1+Telephone bell ringing_TRgs9jv8ah0_1.wav","D:\D\research\audioset下载\audio_pairs_2s\subcategory_pairs\sub_Male speech, man speaking_H85puQUqrQY_1+Telephone bell ringing_TRgs9jv8ah0_1.wav",1,0,0.2335149198770523,0.20252373814582825,0.03099118173122406,0,0.012301038367430928,0.03386082589034153,1
yanxingzhuo,2,a122.wav,"sub_Female speech, woman speaking_HPfBYRU8tVM_1+Computer keyboard_Jz5wulRv1Ps_1.wav","D:\D\research\audioset下载\audio_pairs_2s\subcategory_pairs\sub_Female speech, woman speaking_HPfBYRU8tVM_1+Computer keyboard_Jz5wulRv1Ps_1.wav",2,1,0.2102241814136505,0.05724233761429787,0.15298184379935265,0,0.027981318023461578,0.012851288245006153,0
yanxingzhuo,2,a123.wav,"sub_Computer keyboard_g3kkGbxwSLQ_1+Baby cry, infant cry_z15CKEUxkEg_1.wav","D:\D\research\audioset下载\audio_pairs_2s\subcategory_pairs\sub_Computer keyboard_g3kkGbxwSLQ_1+Baby cry, infant cry_z15CKEUxkEg_1.wav",2,1,0.17975765466690063,0.3207845389842987,-0.14102688431739807,1,0.012677980974684219,0.026606538561588126,1
yanxingzhuo,2,a124.wav,"sub_Male speech, man speaking_BuIMVqz85uk_1+Computer keyboard_VQbC7Oth7wQ_1.wav","D:\D\research\audioset下载\audio_pairs_2s\subcategory_pairs\sub_Male speech, man speaking_BuIMVqz85uk_1+Computer keyboard_VQbC7Oth7wQ_1.wav",1,0,0.22208231687545776,0.2045033723115921,0.01757894456386566,0,0.034384155084835534,0.01854362207590696,0
yanxingzhuo,2,a125.wav,"sub_Male speech, man speaking_mZ_z2lorJeY_1+Computer keyboard_iyroRIRrXUw_1.wav","D:\D\research\audioset下载\audio_pairs_2s\subcategory_pairs\sub_Male speech, man speaking_mZ_z2lorJeY_1+Computer keyboard_iyroRIRrXUw_1.wav",1,0,-0.02197234332561493,0.14235903322696686,-0.1643313765525818,1,0.01995634221517222,0.00704593463919413,0
yanxingzhuo,2,a126.wav,"sub_Baby cry, infant cry_tk4s-nlhmEQ_1+Bass drum_ZuBxMCk0cco_1.wav","D:\D\research\audioset下载\audio_pairs_2s\subcategory_pairs\sub_Baby cry, infant cry_tk4s-nlhmEQ_1+Bass drum_ZuBxMCk0cco_1.wav",1,0,0.3513612151145935,0.3037988245487213,0.04756239056587219,0,0.02361603505027917,0.02588605783852958,1
yanxingzhuo,2,a127.wav,"sub_Baby cry, infant cry_XZ5oHxjfHKY_1+Sad music_qZkM3QaeaUM_1.wav","D:\D\research\audioset下载\audio_pairs_2s\subcategory_pairs\sub_Baby cry, infant cry_XZ5oHxjfHKY_1+Sad music_qZkM3QaeaUM_1.wav",1,0,0.3260090947151184,0.1707686483860016,0.15524044632911682,0,0.012037681483777415,0.028783565108194607,1
yanxingzhuo,2,a128.wav,"sub_Sad music_xIdWJyhWueE_1+Female speech, woman speaking_DpiGR6_i4Js_1.wav","D:\D\research\audioset下载\audio_pairs_2s\subcategory_pairs\sub_Sad music_xIdWJyhWueE_1+Female speech, woman speaking_DpiGR6_i4Js_1.wav",2,1,0.10191518068313599,0.1872529536485672,-0.08533777296543121,1,0.03972820822779523,0.02007495085217987,0
yanxingzhuo,2,a129.wav,sub_Bass drum_ktvOqV10lW0_1+Helicopter_hSAgDYarzOs_1.wav,D:\D\research\audioset下载\audio_pairs_2s\subcategory_pairs\sub_Bass drum_ktvOqV10lW0_1+Helicopter_hSAgDYarzOs_1.wav,2,1,0.21492913365364075,0.1332230567932129,0.08170607686042786,0,0.019303353502627994,0.06156185253489151,1
yanxingzhuo,2,a130.wav,"sub_Male speech, man speaking_QNRche7AZkM_1+Baby cry, infant cry_P02Zdk3amjk_1.wav","D:\D\research\audioset下载\audio_pairs_2s\subcategory_pairs\sub_Male speech, man speaking_QNRche7AZkM_1+Baby cry, infant cry_P02Zdk3amjk_1.wav",1,0,0.23521149158477783,0.23120436072349548,0.004007130861282349,0,0.022952383940606072,0.015565673916010218,0
yanxingzhuo,2,a131.wav,sub_Telephone bell ringing_wg0LlkP_K3c_1+Bass drum_vlNuy9e-79o_1.wav,D:\D\research\audioset下载\audio_pairs_2s\subcategory_pairs\sub_Telephone bell ringing_wg0LlkP_K3c_1+Bass drum_vlNuy9e-79o_1.wav,1,0,0.16630646586418152,0.11602270603179932,0.0502837598323822,0,0.019311372092620703,0.04114161595611999,1
yanxingzhuo,2,a132.wav,sub_Bass drum_2CidaVnd60g_1+Computer keyboard_iyroRIRrXUw_1.wav,D:\D\research\audioset下载\audio_pairs_2s\subcategory_pairs\sub_Bass drum_2CidaVnd60g_1+Computer keyboard_iyroRIRrXUw_1.wav,1,0,0.2412586659193039,0.14235903322696686,0.09889963269233704,0,0.011914565604317882,0.00704593463919413,0
yanxingzhuo,2,a133.wav,"sub_Male speech, man speaking_QNRche7AZkM_1+Sad music_giPa2vVEyVc_1.wav","D:\D\research\audioset下载\audio_pairs_2s\subcategory_pairs\sub_Male speech, man speaking_QNRche7AZkM_1+Sad music_giPa2vVEyVc_1.wav",2,1,0.23521149158477783,0.2772318720817566,-0.04202038049697876,1,0.022952383940606072,0.027422134855894575,1
yanxingzhuo,2,a134.wav,"sub_Baby cry, infant cry_XZ5oHxjfHKY_1+Bass drum_wff_C_CKm1g_1.wav","D:\D\research\audioset下载\audio_pairs_2s\subcategory_pairs\sub_Baby cry, infant cry_XZ5oHxjfHKY_1+Bass drum_wff_C_CKm1g_1.wav",1,0,0.3260090947151184,0.19600996375083923,0.12999913096427917,0,0.012037681483777415,0.02480928716428038,1
yanxingzhuo,2,a135.wav,"sub_Telephone bell ringing_1isuXShxzOY_1+Female speech, woman speaking_-1LQP2wemiQ_1.wav","D:\D\research\audioset下载\audio_pairs_2s\subcategory_pairs\sub_Telephone bell ringing_1isuXShxzOY_1+Female speech, woman speaking_-1LQP2wemiQ_1.wav",1,0,0.2653381824493408,0.20875146985054016,0.05658671259880066,0,0.03609646116992179,0.017467544211007387,0
yanxingzhuo,2,a136.wav,sub_Helicopter_GO_1gBjIR1c_1+Bass drum_a1Dch1ez9fY_1.wav,D:\D\research\audioset下载\audio_pairs_2s\subcategory_pairs\sub_Helicopter_GO_1gBjIR1c_1+Bass drum_a1Dch1ez9fY_1.wav,2,1,0.19670447707176208,0.13753575086593628,0.059168726205825806,0,0.04695372131513407,0.028335923604238426,0
yanxingzhuo,2,a137.wav,"sub_Baby cry, infant cry_hC7sSMWLwDo_1+Bass drum_ME7TYB3B27o_1.wav","D:\D\research\audioset下载\audio_pairs_2s\subcategory_pairs\sub_Baby cry, infant cry_hC7sSMWLwDo_1+Bass drum_ME7TYB3B27o_1.wav",1,0,0.42617666721343994,0.0853940099477768,0.34078265726566315,0,0.01730174188439675,0.02401981197644108,1
yanxingzhuo,2,a138.wav,"sub_Computer keyboard_whOLzTgCJds_1+Female speech, woman speaking_7761uBKNpd8_1.wav","D:\D\research\audioset下载\audio_pairs_2s\subcategory_pairs\sub_Computer keyboard_whOLzTgCJds_1+Female speech, woman speaking_7761uBKNpd8_1.wav",2,1,0.17951758205890656,0.18020597100257874,-0.0006883889436721802,1,0.017542052869595218,0.022206402297783024,1
yanxingzhuo,2,a139.wav,"sub_Telephone bell ringing_cQci9o1C4UY_1+Female speech, woman speaking_lO1rUT_MTjk_1.wav","D:\D\research\audioset下载\audio_pairs_2s\subcategory_pairs\sub_Telephone bell ringing_cQci9o1C4UY_1+Female speech, woman speaking_lO1rUT_MTjk_1.wav",1,0,0.24241432547569275,0.33074361085891724,-0.08832928538322449,1,0.023322889394370418,0.02667689995972267,1
yanxingzhuo,2,a140.wav,"sub_Male speech, man speaking_gPaoJv-NrEU_1+Sad music_fZjQBgPD1Ys_1.wav","D:\D\research\audioset下载\audio_pairs_2s\subcategory_pairs\sub_Male speech, man speaking_gPaoJv-NrEU_1+Sad music_fZjQBgPD1Ys_1.wav",1,0,0.20261499285697937,0.154634028673172,0.04798096418380737,0,0.031558803978028384,0.03712812221299464,1
yanxingzhuo,2,a141.wav,sub_Bass drum_J6T4OwacRL0_1+Helicopter_W3u2hj1x7gY_1.wav,D:\D\research\audioset下载\audio_pairs_2s\subcategory_pairs\sub_Bass drum_J6T4OwacRL0_1+Helicopter_W3u2hj1x7gY_1.wav,1,0,0.15612220764160156,0.2960547208786011,-0.1399325132369995,1,0.027513031138971057,0.025070262424948236,0
yanxingzhuo,2,a142.wav,"sub_Female speech, woman speaking_lAznHBBQkp4_1+Telephone bell ringing_EEhnuLFYehU_1.wav","D:\D\research\audioset下载\audio_pairs_2s\subcategory_pairs\sub_Female speech, woman speaking_lAznHBBQkp4_1+Telephone bell ringing_EEhnuLFYehU_1.wav",1,0,0.23681506514549255,0.22332578897476196,0.01348927617073059,0,0.023978382327917692,0.014630782429752312,0
yanxingzhuo,2,a143.wav,sub_Telephone bell ringing_nBA65g90mnA_1+Sad music_lmrzR9cSMRY_1.wav,D:\D\research\audioset下载\audio_pairs_2s\subcategory_pairs\sub_Telephone bell ringing_nBA65g90mnA_1+Sad music_lmrzR9cSMRY_1.wav,2,1,0.264318585395813,0.15623514354228973,0.10808344185352325,0,0.011962978857016382,0.027547265220659412,1
yanxingzhuo,2,a144.wav,"sub_Telephone bell ringing_8bRQgDQyTNw_1+Female speech, woman speaking_HPfBYRU8tVM_1.wav","D:\D\research\audioset下载\audio_pairs_2s\subcategory_pairs\sub_Telephone bell ringing_8bRQgDQyTNw_1+Female speech, woman speaking_HPfBYRU8tVM_1.wav",1,0,0.17827099561691284,0.2102241814136505,-0.03195318579673767,1,0.03428080792696428,0.027981318023461578,0
yanxingzhuo,2,a145.wav,"sub_Helicopter_Wr44Q8MQHL0_1+Male speech, man speaking_bO6gUBBcniY_1.wav","D:\D\research\audioset下载\audio_pairs_2s\subcategory_pairs\sub_Helicopter_Wr44Q8MQHL0_1+Male speech, man speaking_bO6gUBBcniY_1.wav",2,1,0.07292193174362183,0.16679570078849792,-0.0938737690448761,1,0.03258769751000481,0.027914524189952532,0
yanxingzhuo,2,a146.wav,"sub_Computer keyboard_whOLzTgCJds_1+Male speech, man speaking_Ky8aKwI522Q_1.wav","D:\D\research\audioset下载\audio_pairs_2s\subcategory_pairs\sub_Computer keyboard_whOLzTgCJds_1+Male speech, man speaking_Ky8aKwI522Q_1.wav",2,1,0.17951758205890656,0.09816574305295944,0.08135183900594711,0,0.017542052869595218,0.019951914097412596,1
yanxingzhuo,2,a147.wav,"sub_Male speech, man speaking_JLKsLx_SGOU_1+Bass drum_pSlVtxLOYiM_1.wav","D:\D\research\audioset下载\audio_pairs_2s\subcategory_pairs\sub_Male speech, man speaking_JLKsLx_SGOU_1+Bass drum_pSlVtxLOYiM_1.wav",1,0,0.10626925528049469,0.1790561079978943,-0.0727868527173996,1,0.009167009674191614,0.02043919567514078,1
yanxingzhuo,2,a148.wav,"sub_Male speech, man speaking_Ky8aKwI522Q_1+Bass drum_uNpSMpqlkMA_1.wav","D:\D\research\audioset下载\audio_pairs_2s\subcategory_pairs\sub_Male speech, man speaking_Ky8aKwI522Q_1+Bass drum_uNpSMpqlkMA_1.wav",1,0,0.09816574305295944,0.24160143733024597,-0.14343569427728653,1,0.019951914097412596,0.014815168932340072,0
yanxingzhuo,2,a149.wav,"sub_Baby cry, infant cry_StO32FBBIH4_1+Female speech, woman speaking_-fAGzY9rnaA_1.wav","D:\D\research\audioset下载\audio_pairs_2s\subcategory_pairs\sub_Baby cry, infant cry_StO32FBBIH4_1+Female speech, woman speaking_-fAGzY9rnaA_1.wav",2,1,0.2973054051399231,0.08587349951267242,0.21143190562725067,0,0.030336070083123817,0.02882286503977782,0
yanxingzhuo,2,a150.wav,sub_Helicopter_5slM2JWYnBw_1+Bass drum_eWsnTX9zkHI_1.wav,D:\D\research\audioset下载\audio_pairs_2s\subcategory_pairs\sub_Helicopter_5slM2JWYnBw_1+Bass drum_eWsnTX9zkHI_1.wav,1,0,0.12392202019691467,0.19954413175582886,-0.07562211155891418,1,0.027147148312238953,0.03020290072871647,1
yanxingzhuo,2,a151.wav,"sub_Baby cry, infant cry_ZnGO4o9SqHY_1+Bass drum_s9d-2nhuJCQ_1.wav","D:\D\research\audioset下载\audio_pairs_2s\subcategory_pairs\sub_Baby cry, infant cry_ZnGO4o9SqHY_1+Bass drum_s9d-2nhuJCQ_1.wav",2,1,0.17951032519340515,0.16984310746192932,0.00966721773147583,0,0.02052144823027912,0.030581892923815992,1
yanxingzhuo,2,a152.wav,"sub_Sad music_vp6p45b-038_1+Male speech, man speaking_H85puQUqrQY_1.wav","D:\D\research\audioset下载\audio_pairs_2s\subcategory_pairs\sub_Sad music_vp6p45b-038_1+Male speech, man speaking_H85puQUqrQY_1.wav",2,1,0.132741317152977,0.2335149198770523,-0.10077360272407532,1,0.029591921437119188,0.012301038367430928,0
yanxingzhuo,2,a153.wav,"sub_Sad music_I0q3IGmTkRo_1+Baby cry, infant cry_P02Zdk3amjk_1.wav","D:\D\research\audioset下载\audio_pairs_2s\subcategory_pairs\sub_Sad music_I0q3IGmTkRo_1+Baby cry, infant cry_P02Zdk3amjk_1.wav",2,1,0.167400062084198,0.23120436072349548,-0.06380429863929749,1,0.03734753911287748,0.015565673916010218,0
yanxingzhuo,2,a154.wav,"sub_Sad music_OaV-ZyjNDFE_1+Baby cry, infant cry_nzwmPWAAQFg_1.wav","D:\D\research\audioset下载\audio_pairs_2s\subcategory_pairs\sub_Sad music_OaV-ZyjNDFE_1+Baby cry, infant cry_nzwmPWAAQFg_1.wav",2,1,0.06866730004549026,0.357689768075943,-0.28902246803045273,1,0.0316552433205264,0.011938539889963058,0
yanxingzhuo,2,a155.wav,"sub_Male speech, man speaking_H85puQUqrQY_1+Helicopter_4A3_lLVLpUg_1.wav","D:\D\research\audioset下载\audio_pairs_2s\subcategory_pairs\sub_Male speech, man speaking_H85puQUqrQY_1+Helicopter_4A3_lLVLpUg_1.wav",1,0,0.2335149198770523,0.10075502842664719,0.13275989145040512,0,0.012301038367430928,0.02984095453096978,1
yanxingzhuo,2,a156.wav,"sub_Sad music_bt8iHoIf2mo_1+Baby cry, infant cry_PyXQVNaAbHc_1.wav","D:\D\research\audioset下载\audio_pairs_2s\subcategory_pairs\sub_Sad music_bt8iHoIf2mo_1+Baby cry, infant cry_PyXQVNaAbHc_1.wav",1,0,0.1510903537273407,0.32274121046066284,-0.17165085673332214,1,0.03931063727766966,0.02118521588029352,0
yanxingzhuo,2,a157.wav,sub_Telephone bell ringing_HhP9eZ8cNIY_1+Sad music_fZjQBgPD1Ys_1.wav,D:\D\research\audioset下载\audio_pairs_2s\subcategory_pairs\sub_Telephone bell ringing_HhP9eZ8cNIY_1+Sad music_fZjQBgPD1Ys_1.wav,1,0,0.18631279468536377,0.154634028673172,0.03167876601219177,0,0.026080087313384768,0.03712812221299464,1
yanxingzhuo,2,a158.wav,sub_Computer keyboard_4O-dYCrVKLY_1+Bass drum_9tBOegUHrL0_1.wav,D:\D\research\audioset下载\audio_pairs_2s\subcategory_pairs\sub_Computer keyboard_4O-dYCrVKLY_1+Bass drum_9tBOegUHrL0_1.wav,1,0,0.17508554458618164,0.1693619042634964,0.005723640322685242,0,0.016282165617939482,0.03236642745502604,1
yanxingzhuo,2,a159.wav,"sub_Female speech, woman speaking_7761uBKNpd8_1+Helicopter_jkvXuu8XltI_1.wav","D:\D\research\audioset下载\audio_pairs_2s\subcategory_pairs\sub_Female speech, woman speaking_7761uBKNpd8_1+Helicopter_jkvXuu8XltI_1.wav",1,0,0.18020597100257874,0.11986648291349411,0.060339488089084625,0,0.022206402297783024,0.043444815280350046,1
yanxingzhuo,2,a160.wav,sub_Telephone bell ringing_1isuXShxzOY_1+Bass drum_xxffSM6940A_1.wav,D:\D\research\audioset下载\audio_pairs_2s\subcategory_pairs\sub_Telephone bell ringing_1isuXShxzOY_1+Bass drum_xxffSM6940A_1.wav,1,0,0.2653381824493408,0.18124723434448242,0.0840909481048584,0,0.03609646116992179,0.03258839054246838,0
yanxingzhuo,3,a001.wav,sub_Helicopter_5slM2JWYnBw_1+Sad music_giPa2vVEyVc_1.wav,D:\D\research\audioset下载\audio_pairs_2s\subcategory_pairs\sub_Helicopter_5slM2JWYnBw_1+Sad music_giPa2vVEyVc_1.wav,1,0,0.12392202019691467,0.2772318720817566,-0.15330985188484192,1,0.027147148312238953,0.027422134855894575,1
yanxingzhuo,3,a002.wav,sub_Telephone bell ringing_TYc_q463LvA_1+Computer keyboard_YUcV-grp898_1.wav,D:\D\research\audioset下载\audio_pairs_2s\subcategory_pairs\sub_Telephone bell ringing_TYc_q463LvA_1+Computer keyboard_YUcV-grp898_1.wav,1,0,0.19335827231407166,0.24475392699241638,-0.05139565467834473,1,0.028891460415676723,0.0015552846650162193,0
yanxingzhuo,3,a003.wav,"sub_Sad music_T0oF8MyYhBM_1+Female speech, woman speaking_W6iwVLm51-k_1.wav","D:\D\research\audioset下载\audio_pairs_2s\subcategory_pairs\sub_Sad music_T0oF8MyYhBM_1+Female speech, woman speaking_W6iwVLm51-k_1.wav",1,0,0.2158471643924713,0.2611715495586395,-0.04532438516616821,1,0.033650112084658186,0.015614557813666248,0
yanxingzhuo,3,a004.wav,"sub_Helicopter_8Fut6ZU85Fs_1+Female speech, woman speaking_J5_m9Ee6A6M_1.wav","D:\D\research\audioset下载\audio_pairs_2s\subcategory_pairs\sub_Helicopter_8Fut6ZU85Fs_1+Female speech, woman speaking_J5_m9Ee6A6M_1.wav",1,0,0.1863502562046051,0.06107553094625473,0.12527472525835037,0,0.031190049155566505,0.008221909032821417,0
yanxingzhuo,3,a005.wav,"sub_Computer keyboard_Jz5wulRv1Ps_1+Baby cry, infant cry_hC7sSMWLwDo_1.wav","D:\D\research\audioset下载\audio_pairs_2s\subcategory_pairs\sub_Computer keyboard_Jz5wulRv1Ps_1+Baby cry, infant cry_hC7sSMWLwDo_1.wav",1,0,0.05724233761429787,0.42617666721343994,-0.3689343295991421,1,0.012851288245006153,0.01730174188439675,1
yanxingzhuo,3,a006.wav,"sub_Telephone bell ringing_P-QOd_28o9c_1+Female speech, woman speaking_LysFhHBYTmE_1.wav","D:\D\research\audioset下载\audio_pairs_2s\subcategory_pairs\sub_Telephone bell ringing_P-QOd_28o9c_1+Female speech, woman speaking_LysFhHBYTmE_1.wav",1,0,-0.07122160494327545,0.22248727083206177,-0.2937088757753372,1,0.02489902672598854,0.018925430181506348,0
yanxingzhuo,3,a007.wav,sub_Computer keyboard_24tWz7gmngI_1+Telephone bell ringing_3Kb4RHaZpxo_1.wav,D:\D\research\audioset下载\audio_pairs_2s\subcategory_pairs\sub_Computer keyboard_24tWz7gmngI_1+Telephone bell ringing_3Kb4RHaZpxo_1.wav,2,1,0.11218379437923431,0.26087090373039246,-0.14868710935115814,1,0.012254043334320237,0.03357963058858357,1
yanxingzhuo,3,a008.wav,"sub_Male speech, man speaking_1OFDyTzUj24_1+Telephone bell ringing_Qtpn66PvyUA_1.wav","D:\D\research\audioset下载\audio_pairs_2s\subcategory_pairs\sub_Male speech, man speaking_1OFDyTzUj24_1+Telephone bell ringing_Qtpn66PvyUA_1.wav",1,0,0.21842926740646362,0.17218750715255737,0.04624176025390625,0,0.017769420048526056,0.019963718770951117,1
yanxingzhuo,3,a009.wav,sub_Sad music_6CaZAITdAsk_1+Computer keyboard_24tWz7gmngI_1.wav,D:\D\research\audioset下载\audio_pairs_2s\subcategory_pairs\sub_Sad music_6CaZAITdAsk_1+Computer keyboard_24tWz7gmngI_1.wav,1,0,0.20593127608299255,0.11218379437923431,0.09374748170375824,0,0.034457693973890785,0.012254043334320237,0
yanxingzhuo,3,a010.wav,"sub_Male speech, man speaking_GnmgSQq6E54_1+Sad music_MpS2SSIhe2g_1.wav","D:\D\research\audioset下载\audio_pairs_2s\subcategory_pairs\sub_Male speech, man speaking_GnmgSQq6E54_1+Sad music_MpS2SSIhe2g_1.wav",1,0,0.27065181732177734,0.152250275015831,0.11840154230594635,0,0.01850078388162459,0.02437056483275767,1
yanxingzhuo,3,a011.wav,"sub_Baby cry, infant cry_wVVBhbrnj9s_1+Computer keyboard_z2-3fMOOexU_1.wav","D:\D\research\audioset下载\audio_pairs_2s\subcategory_pairs\sub_Baby cry, infant cry_wVVBhbrnj9s_1+Computer keyboard_z2-3fMOOexU_1.wav",1,0,0.2693762183189392,0.0750311017036438,0.1943451166152954,0,0.029695993992929506,0.015737021213874106,0
yanxingzhuo,3,a012.wav,"sub_Bass drum_5yLw_p9YcQE_1+Male speech, man speaking_mZ_z2lorJeY_1.wav","D:\D\research\audioset下载\audio_pairs_2s\subcategory_pairs\sub_Bass drum_5yLw_p9YcQE_1+Male speech, man speaking_mZ_z2lorJeY_1.wav",1,0,0.22079208493232727,-0.02197234332561493,0.2427644282579422,0,0.0266286515986745,0.01995634221517222,0
yanxingzhuo,3,a013.wav,sub_Bass drum_eWsnTX9zkHI_1+Computer keyboard_24tWz7gmngI_1.wav,D:\D\research\audioset下载\audio_pairs_2s\subcategory_pairs\sub_Bass drum_eWsnTX9zkHI_1+Computer keyboard_24tWz7gmngI_1.wav,2,1,0.19954413175582886,0.11218379437923431,0.08736033737659454,0,0.03020290072871647,0.012254043334320237,0
yanxingzhuo,3,a014.wav,"sub_Male speech, man speaking_Fihamhv6TJo_1+Bass drum_CeA8--FUxYg_1.wav","D:\D\research\audioset下载\audio_pairs_2s\subcategory_pairs\sub_Male speech, man speaking_Fihamhv6TJo_1+Bass drum_CeA8--FUxYg_1.wav",1,0,0.12907478213310242,0.16762380301952362,-0.038549020886421204,1,0.02744716012223882,0.019618701383368096,0
yanxingzhuo,3,a015.wav,sub_Computer keyboard_Ti0Ck0xTdw4_1+Bass drum_pSlVtxLOYiM_1.wav,D:\D\research\audioset下载\audio_pairs_2s\subcategory_pairs\sub_Computer keyboard_Ti0Ck0xTdw4_1+Bass drum_pSlVtxLOYiM_1.wav,2,1,0.2991736829280853,0.1790561079978943,0.12011757493019104,0,0.006035326468433831,0.02043919567514078,1
yanxingzhuo,3,a016.wav,"sub_Baby cry, infant cry_hC7sSMWLwDo_1+Male speech, man speaking_Ky8aKwI522Q_1.wav","D:\D\research\audioset下载\audio_pairs_2s\subcategory_pairs\sub_Baby cry, infant cry_hC7sSMWLwDo_1+Male speech, man speaking_Ky8aKwI522Q_1.wav",2,1,0.42617666721343994,0.09816574305295944,0.3280109241604805,0,0.01730174188439675,0.019951914097412596,1
yanxingzhuo,3,a017.wav,"sub_Bass drum_mHRF_-IOT2s_1+Baby cry, infant cry_UFcUTwPlFAU_1.wav","D:\D\research\audioset下载\audio_pairs_2s\subcategory_pairs\sub_Bass drum_mHRF_-IOT2s_1+Baby cry, infant cry_UFcUTwPlFAU_1.wav",2,1,0.15502899885177612,0.3021028935909271,-0.147073894739151,1,0.0245993923397595,0.03210689261674738,1
yanxingzhuo,3,a018.wav,"sub_Baby cry, infant cry_PVSHN_arz2k_1+Helicopter_wjmMSonpdT0_1.wav","D:\D\research\audioset下载\audio_pairs_2s\subcategory_pairs\sub_Baby cry, infant cry_PVSHN_arz2k_1+Helicopter_wjmMSonpdT0_1.wav",2,1,0.30947425961494446,0.11495975404977798,0.19451450556516647,0,0.021125368473135623,0.04073498858275951,1
yanxingzhuo,3,a019.wav,sub_Helicopter_R1zoAMguO3A_1+Bass drum_ZuBxMCk0cco_1.wav,D:\D\research\audioset下载\audio_pairs_2s\subcategory_pairs\sub_Helicopter_R1zoAMguO3A_1+Bass drum_ZuBxMCk0cco_1.wav,1,0,0.2648676037788391,0.3037988245487213,-0.0389312207698822,1,0.03446795801768726,0.02588605783852958,0
yanxingzhuo,3,a020.wav,sub_Telephone bell ringing_TYc_q463LvA_1+Helicopter_xY4YrFk_PI8_1.wav,D:\D\research\audioset下载\audio_pairs_2s\subcategory_pairs\sub_Telephone bell ringing_TYc_q463LvA_1+Helicopter_xY4YrFk_PI8_1.wav,2,1,0.19335827231407166,0.19636589288711548,-0.0030076205730438232,1,0.028891460415676723,0.034454023038013704,1
yanxingzhuo,3,a021.wav,"sub_Computer keyboard_VHUZvGxQbFA_1+Male speech, man speaking_9wkgTdE7nz8_1.wav","D:\D\research\audioset下载\audio_pairs_2s\subcategory_pairs\sub_Computer keyboard_VHUZvGxQbFA_1+Male speech, man speaking_9wkgTdE7nz8_1.wav",2,1,0.21952582895755768,0.2461727261543274,-0.026646897196769714,1,0.021812452997667948,0.027226992821161686,1
yanxingzhuo,3,a022.wav,"sub_Sad music_lmrzR9cSMRY_1+Baby cry, infant cry_s_Le6PwhssI_1.wav","D:\D\research\audioset下载\audio_pairs_2s\subcategory_pairs\sub_Sad music_lmrzR9cSMRY_1+Baby cry, infant cry_s_Le6PwhssI_1.wav",2,1,0.15623514354228973,0.32947874069213867,-0.17324359714984894,1,0.027547265220659412,0.02123882576390495,0
yanxingzhuo,3,a023.wav,sub_Helicopter_q3W8UiycXe8_1+Telephone bell ringing_FIM7nfN6IT0_1.wav,D:\D\research\audioset下载\audio_pairs_2s\subcategory_pairs\sub_Helicopter_q3W8UiycXe8_1+Telephone bell ringing_FIM7nfN6IT0_1.wav,1,0,0.2725178599357605,0.24325110018253326,0.029266759753227234,0,0.027024928730496865,0.01848322117344395,0
yanxingzhuo,3,a024.wav,sub_Telephone bell ringing_8bRQgDQyTNw_1+Bass drum_5yLw_p9YcQE_1.wav,D:\D\research\audioset下载\audio_pairs_2s\subcategory_pairs\sub_Telephone bell ringing_8bRQgDQyTNw_1+Bass drum_5yLw_p9YcQE_1.wav,2,1,0.17827099561691284,0.22079208493232727,-0.04252108931541443,1,0.03428080792696428,0.0266286515986745,0
yanxingzhuo,3,a025.wav,"sub_Female speech, woman speaking_-1LQP2wemiQ_1+Computer keyboard_4O-dYCrVKLY_1.wav","D:\D\research\audioset下载\audio_pairs_2s\subcategory_pairs\sub_Female speech, woman speaking_-1LQP2wemiQ_1+Computer keyboard_4O-dYCrVKLY_1.wav",1,0,0.20875146985054016,0.17508554458618164,0.03366592526435852,0,0.017467544211007387,0.016282165617939482,0
yanxingzhuo,3,a026.wav,"sub_Baby cry, infant cry_XZ5oHxjfHKY_1+Female speech, woman speaking_EQ91XVsmq-I_1.wav","D:\D\research\audioset下载\audio_pairs_2s\subcategory_pairs\sub_Baby cry, infant cry_XZ5oHxjfHKY_1+Female speech, woman speaking_EQ91XVsmq-I_1.wav",2,1,0.3260090947151184,0.24911892414093018,0.07689017057418823,0,0.012037681483777415,0.027686756367876732,1
yanxingzhuo,3,a027.wav,sub_Helicopter_bq6C0_tAbJM_1+Telephone bell ringing_TRgs9jv8ah0_1.wav,D:\D\research\audioset下载\audio_pairs_2s\subcategory_pairs\sub_Helicopter_bq6C0_tAbJM_1+Telephone bell ringing_TRgs9jv8ah0_1.wav,1,0,0.07397038489580154,0.20252373814582825,-0.1285533532500267,1,0.034009340396442364,0.03386082589034153,0
yanxingzhuo,3,a028.wav,"sub_Baby cry, infant cry_3KwulXmBX-8_1+Female speech, woman speaking_lO1rUT_MTjk_1.wav","D:\D\research\audioset下载\audio_pairs_2s\subcategory_pairs\sub_Baby cry, infant cry_3KwulXmBX-8_1+Female speech, woman speaking_lO1rUT_MTjk_1.wav",2,1,0.3545949459075928,0.33074361085891724,0.023851335048675537,0,0.03469165310067072,0.02667689995972267,0
yanxingzhuo,3,a029.wav,"sub_Female speech, woman speaking_ytUznPL6d4E_1+Bass drum_uNpSMpqlkMA_1.wav","D:\D\research\audioset下载\audio_pairs_2s\subcategory_pairs\sub_Female speech, woman speaking_ytUznPL6d4E_1+Bass drum_uNpSMpqlkMA_1.wav",1,0,0.13982096314430237,0.24160143733024597,-0.1017804741859436,1,0.029289292324969775,0.014815168932340072,0
yanxingzhuo,3,a030.wav,sub_Sad music_y_toDfeACWE_1+Telephone bell ringing_LJH4TFzWiW0_1.wav,D:\D\research\audioset下载\audio_pairs_2s\subcategory_pairs\sub_Sad music_y_toDfeACWE_1+Telephone bell ringing_LJH4TFzWiW0_1.wav,1,0,0.13569843769073486,0.32087278366088867,-0.1851743459701538,1,0.016866205905453416,0.03997657279446448,1
yanxingzhuo,3,a031.wav,"sub_Bass drum_9tBOegUHrL0_1+Female speech, woman speaking_7QnyKZe6VBA_1.wav","D:\D\research\audioset下载\audio_pairs_2s\subcategory_pairs\sub_Bass drum_9tBOegUHrL0_1+Female speech, woman speaking_7QnyKZe6VBA_1.wav",2,1,0.1693619042634964,0.17125552892684937,-0.0018936246633529663,1,0.03236642745502604,0.016932509190503625,0
yanxingzhuo,3,a032.wav,sub_Bass drum_OrYHuCwfvb4_1+Helicopter_bq6C0_tAbJM_1.wav,D:\D\research\audioset下载\audio_pairs_2s\subcategory_pairs\sub_Bass drum_OrYHuCwfvb4_1+Helicopter_bq6C0_tAbJM_1.wav,1,0,0.19532236456871033,0.07397038489580154,0.12135197967290878,0,0.039433855436534465,0.034009340396442364,0
yanxingzhuo,3,a033.wav,"sub_Baby cry, infant cry_PyXQVNaAbHc_1+Computer keyboard_24tWz7gmngI_1.wav","D:\D\research\audioset下载\audio_pairs_2s\subcategory_pairs\sub_Baby cry, infant cry_PyXQVNaAbHc_1+Computer keyboard_24tWz7gmngI_1.wav",2,1,0.32274121046066284,0.11218379437923431,0.21055741608142853,0,0.02118521588029352,0.012254043334320237,0
yanxingzhuo,3,a034.wav,"sub_Female speech, woman speaking_QXnJ2manIdI_1+Helicopter_R2Aq_j1TDSs_1.wav","D:\D\research\audioset下载\audio_pairs_2s\subcategory_pairs\sub_Female speech, woman speaking_QXnJ2manIdI_1+Helicopter_R2Aq_j1TDSs_1.wav",2,1,0.17333272099494934,0.17155446112155914,0.0017782598733901978,0,0.019135637900501747,0.03577077406509107,1
yanxingzhuo,3,a035.wav,"sub_Helicopter_jkvXuu8XltI_1+Female speech, woman speaking_7761uBKNpd8_1.wav","D:\D\research\audioset下载\audio_pairs_2s\subcategory_pairs\sub_Helicopter_jkvXuu8XltI_1+Female speech, woman speaking_7761uBKNpd8_1.wav",2,1,0.11986648291349411,0.18020597100257874,-0.060339488089084625,1,0.043444815280350046,0.022206402297783024,0
yanxingzhuo,3,a036.wav,sub_Telephone bell ringing__xuq9rBndUE_1+Computer keyboard_z2-3fMOOexU_1.wav,D:\D\research\audioset下载\audio_pairs_2s\subcategory_pairs\sub_Telephone bell ringing__xuq9rBndUE_1+Computer keyboard_z2-3fMOOexU_1.wav,1,0,0.18790365755558014,0.0750311017036438,0.11287255585193634,0,0.022149481838608813,0.015737021213874106,0
yanxingzhuo,3,a037.wav,"sub_Female speech, woman speaking_lO1rUT_MTjk_1+Baby cry, infant cry_3KwulXmBX-8_1.wav","D:\D\research\audioset下载\audio_pairs_2s\subcategory_pairs\sub_Female speech, woman speaking_lO1rUT_MTjk_1+Baby cry, infant cry_3KwulXmBX-8_1.wav",1,0,0.33074361085891724,0.3545949459075928,-0.023851335048675537,1,0.02667689995972267,0.03469165310067072,1
yanxingzhuo,3,a038.wav,"sub_Sad music_fZjQBgPD1Ys_1+Male speech, man speaking_gPaoJv-NrEU_1.wav","D:\D\research\audioset下载\audio_pairs_2s\subcategory_pairs\sub_Sad music_fZjQBgPD1Ys_1+Male speech, man speaking_gPaoJv-NrEU_1.wav",2,1,0.154634028673172,0.20261499285697937,-0.04798096418380737,1,0.03712812221299464,0.031558803978028384,0
yanxingzhuo,3,a039.wav,"sub_Male speech, man speaking_QNRche7AZkM_1+Telephone bell ringing_3Kb4RHaZpxo_1.wav","D:\D\research\audioset下载\audio_pairs_2s\subcategory_pairs\sub_Male speech, man speaking_QNRche7AZkM_1+Telephone bell ringing_3Kb4RHaZpxo_1.wav",2,1,0.23521149158477783,0.26087090373039246,-0.025659412145614624,1,0.022952383940606072,0.03357963058858357,1
yanxingzhuo,3,a040.wav,"sub_Male speech, man speaking_1OFDyTzUj24_1+Bass drum_3k8zGf8Btfo_1.wav","D:\D\research\audioset下载\audio_pairs_2s\subcategory_pairs\sub_Male speech, man speaking_1OFDyTzUj24_1+Bass drum_3k8zGf8Btfo_1.wav",1,0,0.21842926740646362,0.20558224618434906,0.012847021222114563,0,0.017769420048526056,0.0246707653126498,1
yanxingzhuo,3,a041.wav,"sub_Computer keyboard_rTh92nlG9io_1+Baby cry, infant cry_ypmfbwrqL4s_1.wav","D:\D\research\audioset下载\audio_pairs_2s\subcategory_pairs\sub_Computer keyboard_rTh92nlG9io_1+Baby cry, infant cry_ypmfbwrqL4s_1.wav",2,1,0.09708543121814728,0.3533092737197876,-0.2562238425016403,1,0.013735322247026793,0.03561908324408149,1
yanxingzhuo,3,a042.wav,sub_Computer keyboard_whOLzTgCJds_1+Sad music_y_toDfeACWE_1.wav,D:\D\research\audioset下载\audio_pairs_2s\subcategory_pairs\sub_Computer keyboard_whOLzTgCJds_1+Sad music_y_toDfeACWE_1.wav,2,1,0.17951758205890656,0.13569843769073486,0.04381914436817169,0,0.017542052869595218,0.016866205905453416,0
yanxingzhuo,3,a043.wav,"sub_Baby cry, infant cry_StO32FBBIH4_1+Sad music_vp6p45b-038_1.wav","D:\D\research\audioset下载\audio_pairs_2s\subcategory_pairs\sub_Baby cry, infant cry_StO32FBBIH4_1+Sad music_vp6p45b-038_1.wav",2,1,0.2973054051399231,0.132741317152977,0.1645640879869461,0,0.030336070083123817,0.029591921437119188,0
yanxingzhuo,3,a044.wav,"sub_Computer keyboard_P9qEFBa2s8Q_1+Male speech, man speaking_bO6gUBBcniY_1.wav","D:\D\research\audioset下载\audio_pairs_2s\subcategory_pairs\sub_Computer keyboard_P9qEFBa2s8Q_1+Male speech, man speaking_bO6gUBBcniY_1.wav",2,1,0.07968397438526154,0.16679570078849792,-0.08711172640323639,1,0.017288184468420606,0.027914524189952532,1
yanxingzhuo,3,a045.wav,sub_Helicopter_jkvXuu8XltI_1+Sad music_Y7SoAXBFUew_1.wav,D:\D\research\audioset下载\audio_pairs_2s\subcategory_pairs\sub_Helicopter_jkvXuu8XltI_1+Sad music_Y7SoAXBFUew_1.wav,2,1,0.11986648291349411,0.07309752702713013,0.04676895588636398,0,0.043444815280350046,0.035617225143571886,0
yanxingzhuo,3,a046.wav,"sub_Male speech, man speaking_1OFDyTzUj24_1+Baby cry, infant cry_wVVBhbrnj9s_1.wav","D:\D\research\audioset下载\audio_pairs_2s\subcategory_pairs\sub_Male speech, man speaking_1OFDyTzUj24_1+Baby cry, infant cry_wVVBhbrnj9s_1.wav",2,1,0.21842926740646362,0.2693762183189392,-0.050946950912475586,1,0.017769420048526056,0.029695993992929506,1
yanxingzhuo,3,a047.wav,"sub_Baby cry, infant cry_PVSHN_arz2k_1+Bass drum_nfdEqi5YMjk_1.wav","D:\D\research\audioset下载\audio_pairs_2s\subcategory_pairs\sub_Baby cry, infant cry_PVSHN_arz2k_1+Bass drum_nfdEqi5YMjk_1.wav",2,1,0.30947425961494446,0.2525174021720886,0.056956857442855835,0,0.021125368473135623,0.023782750238747492,1
yanxingzhuo,3,a048.wav,"sub_Computer keyboard_24tWz7gmngI_1+Baby cry, infant cry_PyXQVNaAbHc_1.wav","D:\D\research\audioset下载\audio_pairs_2s\subcategory_pairs\sub_Computer keyboard_24tWz7gmngI_1+Baby cry, infant cry_PyXQVNaAbHc_1.wav",1,0,0.11218379437923431,0.32274121046066284,-0.21055741608142853,1,0.012254043334320237,0.02118521588029352,1
yanxingzhuo,3,a049.wav,sub_Helicopter_hSAgDYarzOs_1+Bass drum_ktvOqV10lW0_1.wav,D:\D\research\audioset下载\audio_pairs_2s\subcategory_pairs\sub_Helicopter_hSAgDYarzOs_1+Bass drum_ktvOqV10lW0_1.wav,1,0,0.1332230567932129,0.21492913365364075,-0.08170607686042786,1,0.06156185253489151,0.019303353502627994,0
yanxingzhuo,3,a050.wav,"sub_Female speech, woman speaking_-fAGzY9rnaA_1+Baby cry, infant cry_StO32FBBIH4_1.wav","D:\D\research\audioset下载\audio_pairs_2s\subcategory_pairs\sub_Female speech, woman speaking_-fAGzY9rnaA_1+Baby cry, infant cry_StO32FBBIH4_1.wav",1,0,0.08587349951267242,0.2973054051399231,-0.21143190562725067,1,0.02882286503977782,0.030336070083123817,1
yanxingzhuo,3,a051.wav,"sub_Baby cry, infant cry_K8On7nUJuP8_1+Sad music_giPa2vVEyVc_1.wav","D:\D\research\audioset下载\audio_pairs_2s\subcategory_pairs\sub_Baby cry, infant cry_K8On7nUJuP8_1+Sad music_giPa2vVEyVc_1.wav",2,1,0.40241000056266785,0.2772318720817566,0.12517812848091125,0,0.022750498882331223,0.027422134855894575,1
yanxingzhuo,3,a052.wav,"sub_Computer keyboard_iyroRIRrXUw_1+Female speech, woman speaking_ytUznPL6d4E_1.wav","D:\D\research\audioset下载\audio_pairs_2s\subcategory_pairs\sub_Computer keyboard_iyroRIRrXUw_1+Female speech, woman speaking_ytUznPL6d4E_1.wav",2,1,0.14235903322696686,0.13982096314430237,0.0025380700826644897,0,0.00704593463919413,0.029289292324969775,1
yanxingzhuo,3,a053.wav,"sub_Helicopter_xY4YrFk_PI8_1+Baby cry, infant cry_UFcUTwPlFAU_1.wav","D:\D\research\audioset下载\audio_pairs_2s\subcategory_pairs\sub_Helicopter_xY4YrFk_PI8_1+Baby cry, infant cry_UFcUTwPlFAU_1.wav",2,1,0.19636589288711548,0.3021028935909271,-0.10573700070381165,1,0.034454023038013704,0.03210689261674738,0
yanxingzhuo,3,a054.wav,"sub_Female speech, woman speaking_ytUznPL6d4E_1+Computer keyboard_iyroRIRrXUw_1.wav","D:\D\research\audioset下载\audio_pairs_2s\subcategory_pairs\sub_Female speech, woman speaking_ytUznPL6d4E_1+Computer keyboard_iyroRIRrXUw_1.wav",1,0,0.13982096314430237,0.14235903322696686,-0.0025380700826644897,1,0.029289292324969775,0.00704593463919413,0
yanxingzhuo,3,a055.wav,sub_Computer keyboard_z2-3fMOOexU_1+Telephone bell ringing__xuq9rBndUE_1.wav,D:\D\research\audioset下载\audio_pairs_2s\subcategory_pairs\sub_Computer keyboard_z2-3fMOOexU_1+Telephone bell ringing__xuq9rBndUE_1.wav,2,1,0.0750311017036438,0.18790365755558014,-0.11287255585193634,1,0.015737021213874106,0.022149481838608813,1
yanxingzhuo,3,a056.wav,"sub_Computer keyboard_rTh92nlG9io_1+Female speech, woman speaking_1hba9jmspEQ_1.wav","D:\D\research\audioset下载\audio_pairs_2s\subcategory_pairs\sub_Computer keyboard_rTh92nlG9io_1+Female speech, woman speaking_1hba9jmspEQ_1.wav",2,1,0.09708543121814728,0.24184013903141022,-0.14475470781326294,1,0.013735322247026793,0.011205365322814239,0
yanxingzhuo,3,a057.wav,"sub_Female speech, woman speaking_lAznHBBQkp4_1+Sad music_9aE33JEIGOg_1.wav","D:\D\research\audioset下载\audio_pairs_2s\subcategory_pairs\sub_Female speech, woman speaking_lAznHBBQkp4_1+Sad music_9aE33JEIGOg_1.wav",2,1,0.23681506514549255,0.2783162295818329,-0.04150116443634033,1,0.023978382327917692,0.03993854029842428,1
yanxingzhuo,3,a058.wav,"sub_Telephone bell ringing_EEhnuLFYehU_1+Male speech, man speaking_gPaoJv-NrEU_1.wav","D:\D\research\audioset下载\audio_pairs_2s\subcategory_pairs\sub_Telephone bell ringing_EEhnuLFYehU_1+Male speech, man speaking_gPaoJv-NrEU_1.wav",2,1,0.22332578897476196,0.20261499285697937,0.020710796117782593,0,0.014630782429752312,0.031558803978028384,1
yanxingzhuo,3,a059.wav,sub_Computer keyboard_4O-dYCrVKLY_1+Sad music_dwSj0Rr3vFc_1.wav,D:\D\research\audioset下载\audio_pairs_2s\subcategory_pairs\sub_Computer keyboard_4O-dYCrVKLY_1+Sad music_dwSj0Rr3vFc_1.wav,2,1,0.17508554458618164,0.17465898394584656,0.000426560640335083,0,0.016282165617939482,0.03983621562369695,1
yanxingzhuo,3,a060.wav,"sub_Male speech, man speaking_gPaoJv-NrEU_1+Helicopter_bq6C0_tAbJM_1.wav","D:\D\research\audioset下载\audio_pairs_2s\subcategory_pairs\sub_Male speech, man speaking_gPaoJv-NrEU_1+Helicopter_bq6C0_tAbJM_1.wav",1,0,0.20261499285697937,0.07397038489580154,0.12864460796117783,0,0.031558803978028384,0.034009340396442364,1
yanxingzhuo,3,a061.wav,sub_Bass drum_1rJWW_KqeAw_1+Computer keyboard_VHUZvGxQbFA_1.wav,D:\D\research\audioset下载\audio_pairs_2s\subcategory_pairs\sub_Bass drum_1rJWW_KqeAw_1+Computer keyboard_VHUZvGxQbFA_1.wav,2,1,0.22193044424057007,0.21952582895755768,0.00240461528301239,0,0.026895034446554646,0.021812452997667948,0
yanxingzhuo,3,a062.wav,"sub_Male speech, man speaking_gPaoJv-NrEU_1+Telephone bell ringing_EEhnuLFYehU_1.wav","D:\D\research\audioset下载\audio_pairs_2s\subcategory_pairs\sub_Male speech, man speaking_gPaoJv-NrEU_1+Telephone bell ringing_EEhnuLFYehU_1.wav",1,0,0.20261499285697937,0.22332578897476196,-0.020710796117782593,1,0.031558803978028384,0.014630782429752312,0
yanxingzhuo,3,a063.wav,sub_Computer keyboard_8evHpuXTcgM_1+Bass drum_JesyktMT-Dk_1.wav,D:\D\research\audioset下载\audio_pairs_2s\subcategory_pairs\sub_Computer keyboard_8evHpuXTcgM_1+Bass drum_JesyktMT-Dk_1.wav,2,1,-0.03387540578842163,0.1732480674982071,-0.20712347328662872,1,0.011549582379851335,0.02185939767935835,1
yanxingzhuo,3,a064.wav,"sub_Male speech, man speaking_W4acKG-KSTE_1+Bass drum_OrYHuCwfvb4_1.wav","D:\D\research\audioset下载\audio_pairs_2s\subcategory_pairs\sub_Male speech, man speaking_W4acKG-KSTE_1+Bass drum_OrYHuCwfvb4_1.wav",1,0,0.2639746069908142,0.19532236456871033,0.06865224242210388,0,0.016383123342230077,0.039433855436534465,1
yanxingzhuo,3,a065.wav,"sub_Baby cry, infant cry_QhUa5vXLlCI_1+Female speech, woman speaking_W6iwVLm51-k_1.wav","D:\D\research\audioset下载\audio_pairs_2s\subcategory_pairs\sub_Baby cry, infant cry_QhUa5vXLlCI_1+Female speech, woman speaking_W6iwVLm51-k_1.wav",2,1,0.20123791694641113,0.2611715495586395,-0.059933632612228394,1,0.035361207469240014,0.015614557813666248,0
yanxingzhuo,3,a066.wav,"sub_Telephone bell ringing_8UQI59N-bAs_1+Female speech, woman speaking_EQ91XVsmq-I_1.wav","D:\D\research\audioset下载\audio_pairs_2s\subcategory_pairs\sub_Telephone bell ringing_8UQI59N-bAs_1+Female speech, woman speaking_EQ91XVsmq-I_1.wav",2,1,0.19591394066810608,0.24911892414093018,-0.0532049834728241,1,0.024386343738287998,0.027686756367876732,1
yanxingzhuo,3,a067.wav,"sub_Bass drum_ZuBxMCk0cco_1+Male speech, man speaking_bO6gUBBcniY_1.wav","D:\D\research\audioset下载\audio_pairs_2s\subcategory_pairs\sub_Bass drum_ZuBxMCk0cco_1+Male speech, man speaking_bO6gUBBcniY_1.wav",2,1,0.3037988245487213,0.16679570078849792,0.1370031237602234,0,0.02588605783852958,0.027914524189952532,1
yanxingzhuo,3,a068.wav,"sub_Bass drum_GrACpo7aonA_1+Female speech, woman speaking_MfavlJej70A_1.wav","D:\D\research\audioset下载\audio_pairs_2s\subcategory_pairs\sub_Bass drum_GrACpo7aonA_1+Female speech, woman speaking_MfavlJej70A_1.wav",2,1,0.21470583975315094,0.04684774577617645,0.1678580939769745,0,0.019585215278095806,0.03345741516258426,1
yanxingzhuo,3,a069.wav,sub_Telephone bell ringing_nBA65g90mnA_1+Bass drum_xTVn_voSi3Q_1.wav,D:\D\research\audioset下载\audio_pairs_2s\subcategory_pairs\sub_Telephone bell ringing_nBA65g90mnA_1+Bass drum_xTVn_voSi3Q_1.wav,1,0,0.264318585395813,0.20192918181419373,0.06238940358161926,0,0.011962978857016382,0.037672028133066235,1
yanxingzhuo,3,a070.wav,sub_Bass drum_ov_g-r7Vo8M_1+Telephone bell ringing_TRgs9jv8ah0_1.wav,D:\D\research\audioset下载\audio_pairs_2s\subcategory_pairs\sub_Bass drum_ov_g-r7Vo8M_1+Telephone bell ringing_TRgs9jv8ah0_1.wav,2,1,0.14702188968658447,0.20252373814582825,-0.055501848459243774,1,0.023070768089542986,0.03386082589034153,1
yanxingzhuo,3,a071.wav,sub_Telephone bell ringing_TRgs9jv8ah0_1+Sad music_dsibOgkezN8_1.wav,D:\D\research\audioset下载\audio_pairs_2s\subcategory_pairs\sub_Telephone bell ringing_TRgs9jv8ah0_1+Sad music_dsibOgkezN8_1.wav,1,0,0.20252373814582825,0.2151850461959839,-0.01266130805015564,1,0.03386082589034153,0.02658915691660165,0
yanxingzhuo,3,a072.wav,sub_Bass drum_nG9IOZqGHdM_1+Computer keyboard_66eFB3sy7Bw_1.wav,D:\D\research\audioset下载\audio_pairs_2s\subcategory_pairs\sub_Bass drum_nG9IOZqGHdM_1+Computer keyboard_66eFB3sy7Bw_1.wav,2,1,0.21810197830200195,0.26343226432800293,-0.04533028602600098,1,0.02900128559150187,0.022719664422401392,0
yanxingzhuo,3,a073.wav,"sub_Helicopter_5slM2JWYnBw_1+Baby cry, infant cry_tk4s-nlhmEQ_1.wav","D:\D\research\audioset下载\audio_pairs_2s\subcategory_pairs\sub_Helicopter_5slM2JWYnBw_1+Baby cry, infant cry_tk4s-nlhmEQ_1.wav",1,0,0.12392202019691467,0.3513612151145935,-0.22743919491767883,1,0.027147148312238953,0.02361603505027917,0
yanxingzhuo,3,a074.wav,"sub_Baby cry, infant cry_z15CKEUxkEg_1+Female speech, woman speaking_lAznHBBQkp4_1.wav","D:\D\research\audioset下载\audio_pairs_2s\subcategory_pairs\sub_Baby cry, infant cry_z15CKEUxkEg_1+Female speech, woman speaking_lAznHBBQkp4_1.wav",2,1,0.3207845389842987,0.23681506514549255,0.08396947383880615,0,0.026606538561588126,0.023978382327917692,0
yanxingzhuo,3,a075.wav,"sub_Telephone bell ringing_Qtpn66PvyUA_1+Male speech, man speaking_1OFDyTzUj24_1.wav","D:\D\research\audioset下载\audio_pairs_2s\subcategory_pairs\sub_Telephone bell ringing_Qtpn66PvyUA_1+Male speech, man speaking_1OFDyTzUj24_1.wav",2,1,0.17218750715255737,0.21842926740646362,-0.04624176025390625,1,0.019963718770951117,0.017769420048526056,0
yanxingzhuo,3,a076.wav,"sub_Sad music_MIexFfOsuJs_1+Male speech, man speaking_Fihamhv6TJo_1.wav","D:\D\research\audioset下载\audio_pairs_2s\subcategory_pairs\sub_Sad music_MIexFfOsuJs_1+Male speech, man speaking_Fihamhv6TJo_1.wav",2,1,0.28348007798194885,0.12907478213310242,0.15440529584884644,0,0.02721486521344261,0.02744716012223882,1
yanxingzhuo,3,a077.wav,sub_Bass drum_9tBOegUHrL0_1+Computer keyboard_4O-dYCrVKLY_1.wav,D:\D\research\audioset下载\audio_pairs_2s\subcategory_pairs\sub_Bass drum_9tBOegUHrL0_1+Computer keyboard_4O-dYCrVKLY_1.wav,1,0,0.1693619042634964,0.17508554458618164,-0.005723640322685242,1,0.03236642745502604,0.016282165617939482,0
yanxingzhuo,3,a078.wav,"sub_Telephone bell ringing__xuq9rBndUE_1+Male speech, man speaking_mZ_z2lorJeY_1.wav","D:\D\research\audioset下载\audio_pairs_2s\subcategory_pairs\sub_Telephone bell ringing__xuq9rBndUE_1+Male speech, man speaking_mZ_z2lorJeY_1.wav",1,0,0.18790365755558014,-0.02197234332561493,0.20987600088119507,0,0.022149481838608813,0.01995634221517222,0
yanxingzhuo,3,a079.wav,"sub_Female speech, woman speaking_lO1rUT_MTjk_1+Helicopter_BNrmXcZQ-p4_1.wav","D:\D\research\audioset下载\audio_pairs_2s\subcategory_pairs\sub_Female speech, woman speaking_lO1rUT_MTjk_1+Helicopter_BNrmXcZQ-p4_1.wav",1,0,0.33074361085891724,0.20046581327915192,0.13027779757976532,0,0.02667689995972267,0.03015510155372596,1
yanxingzhuo,3,a080.wav,"sub_Baby cry, infant cry_nzwmPWAAQFg_1+Sad music_OaV-ZyjNDFE_1.wav","D:\D\research\audioset下载\audio_pairs_2s\subcategory_pairs\sub_Baby cry, infant cry_nzwmPWAAQFg_1+Sad music_OaV-ZyjNDFE_1.wav",2,1,0.357689768075943,0.06866730004549026,0.28902246803045273,0,0.011938539889963058,0.0316552433205264,1
yanxingzhuo,3,a081.wav,"sub_Female speech, woman speaking_LysFhHBYTmE_1+Sad music_1WlvXneu6oY_1.wav","D:\D\research\audioset下载\audio_pairs_2s\subcategory_pairs\sub_Female speech, woman speaking_LysFhHBYTmE_1+Sad music_1WlvXneu6oY_1.wav",2,1,0.22248727083206177,0.13259074091911316,0.08989652991294861,0,0.018925430181506348,0.036237833093002006,1
yanxingzhuo,3,a082.wav,"sub_Helicopter_GO_1gBjIR1c_1+Baby cry, infant cry_XZ5oHxjfHKY_1.wav","D:\D\research\audioset下载\audio_pairs_2s\subcategory_pairs\sub_Helicopter_GO_1gBjIR1c_1+Baby cry, infant cry_XZ5oHxjfHKY_1.wav",2,1,0.19670447707176208,0.3260090947151184,-0.12930461764335632,1,0.04695372131513407,0.012037681483777415,0
yanxingzhuo,3,a083.wav,"sub_Baby cry, infant cry_dIIiaO12I5Q_1+Helicopter_rzxqz7XqLHA_1.wav","D:\D\research\audioset下载\audio_pairs_2s\subcategory_pairs\sub_Baby cry, infant cry_dIIiaO12I5Q_1+Helicopter_rzxqz7XqLHA_1.wav",2,1,0.32512813806533813,0.00801524706184864,0.3171128910034895,0,0.029880779617539956,0.020079898992972186,0
yanxingzhuo,3,a084.wav,sub_Helicopter_BNrmXcZQ-p4_1+Bass drum_1wqJ9KDfcME_1.wav,D:\D\research\audioset下载\audio_pairs_2s\subcategory_pairs\sub_Helicopter_BNrmXcZQ-p4_1+Bass drum_1wqJ9KDfcME_1.wav,2,1,0.20046581327915192,0.19596613943576813,0.004499673843383789,0,0.03015510155372596,0.020648628269157157,0
yanxingzhuo,3,a085.wav,sub_Telephone bell ringing_FIM7nfN6IT0_1+Helicopter_q3W8UiycXe8_1.wav,D:\D\research\audioset下载\audio_pairs_2s\subcategory_pairs\sub_Telephone bell ringing_FIM7nfN6IT0_1+Helicopter_q3W8UiycXe8_1.wav,2,1,0.24325110018253326,0.2725178599357605,-0.029266759753227234,1,0.01848322117344395,0.027024928730496865,1
yanxingzhuo,3,a086.wav,sub_Bass drum_JesyktMT-Dk_1+Computer keyboard_8evHpuXTcgM_1.wav,D:\D\research\audioset下载\audio_pairs_2s\subcategory_pairs\sub_Bass drum_JesyktMT-Dk_1+Computer keyboard_8evHpuXTcgM_1.wav,2,1,0.1732480674982071,-0.03387540578842163,0.20712347328662872,0,0.02185939767935835,0.011549582379851335,0
yanxingzhuo,3,a087.wav,sub_Computer keyboard_PZACLpEasFU_1+Sad music_-f6s6kQEHFY_1.wav,D:\D\research\audioset下载\audio_pairs_2s\subcategory_pairs\sub_Computer keyboard_PZACLpEasFU_1+Sad music_-f6s6kQEHFY_1.wav,2,1,0.21231141686439514,0.1900234818458557,0.02228793501853943,0,0.00892444578687077,0.028806453982167336,1
yanxingzhuo,3,a088.wav,"sub_Male speech, man speaking_H85puQUqrQY_1+Computer keyboard_66eFB3sy7Bw_1.wav","D:\D\research\audioset下载\audio_pairs_2s\subcategory_pairs\sub_Male speech, man speaking_H85puQUqrQY_1+Computer keyboard_66eFB3sy7Bw_1.wav",1,0,0.2335149198770523,0.26343226432800293,-0.029917344450950623,1,0.012301038367430928,0.022719664422401392,1
yanxingzhuo,3,a089.wav,"sub_Male speech, man speaking_GnmgSQq6E54_1+Helicopter_X76DCP7SCR0_1.wav","D:\D\research\audioset下载\audio_pairs_2s\subcategory_pairs\sub_Male speech, man speaking_GnmgSQq6E54_1+Helicopter_X76DCP7SCR0_1.wav",1,0,0.27065181732177734,0.17519816756248474,0.0954536497592926,0,0.01850078388162459,0.013568852471902638,0
yanxingzhuo,3,a090.wav,sub_Bass drum_4bJeisLGFuA_1+Telephone bell ringing_FIM7nfN6IT0_1.wav,D:\D\research\audioset下载\audio_pairs_2s\subcategory_pairs\sub_Bass drum_4bJeisLGFuA_1+Telephone bell ringing_FIM7nfN6IT0_1.wav,1,0,0.16625916957855225,0.24325110018253326,-0.07699193060398102,1,0.020439644205804595,0.01848322117344395,0
yanxingzhuo,3,a091.wav,"sub_Sad music_eQTK2fo3RoE_1+Female speech, woman speaking_QXnJ2manIdI_1.wav","D:\D\research\audioset下载\audio_pairs_2s\subcategory_pairs\sub_Sad music_eQTK2fo3RoE_1+Female speech, woman speaking_QXnJ2manIdI_1.wav",2,1,0.07471414655447006,0.17333272099494934,-0.09861857444047928,1,0.0235679678418862,0.019135637900501747,0
yanxingzhuo,3,a092.wav,sub_Helicopter_5slM2JWYnBw_1+Telephone bell ringing_P-QOd_28o9c_1.wav,D:\D\research\audioset下载\audio_pairs_2s\subcategory_pairs\sub_Helicopter_5slM2JWYnBw_1+Telephone bell ringing_P-QOd_28o9c_1.wav,1,0,0.12392202019691467,-0.07122160494327545,0.19514362514019012,0,0.027147148312238953,0.02489902672598854,0
yanxingzhuo,3,a093.wav,"sub_Helicopter_BNrmXcZQ-p4_1+Female speech, woman speaking_lO1rUT_MTjk_1.wav","D:\D\research\audioset下载\audio_pairs_2s\subcategory_pairs\sub_Helicopter_BNrmXcZQ-p4_1+Female speech, woman speaking_lO1rUT_MTjk_1.wav",1,0,0.20046581327915192,0.33074361085891724,-0.13027779757976532,1,0.03015510155372596,0.02667689995972267,0
yanxingzhuo,3,a094.wav,sub_Telephone bell ringing_Qtpn66PvyUA_1+Helicopter_BNrmXcZQ-p4_1.wav,D:\D\research\audioset下载\audio_pairs_2s\subcategory_pairs\sub_Telephone bell ringing_Qtpn66PvyUA_1+Helicopter_BNrmXcZQ-p4_1.wav,2,1,0.17218750715255737,0.20046581327915192,-0.028278306126594543,1,0.019963718770951117,0.03015510155372596,1
yanxingzhuo,3,a095.wav,"sub_Male speech, man speaking_gPaoJv-NrEU_1+Computer keyboard_8evHpuXTcgM_1.wav","D:\D\research\audioset下载\audio_pairs_2s\subcategory_pairs\sub_Male speech, man speaking_gPaoJv-NrEU_1+Computer keyboard_8evHpuXTcgM_1.wav",1,0,0.20261499285697937,-0.03387540578842163,0.236490398645401,0,0.031558803978028384,0.011549582379851335,0
yanxingzhuo,3,a096.wav,sub_Telephone bell ringing_3Kb4RHaZpxo_1+Computer keyboard_24tWz7gmngI_1.wav,D:\D\research\audioset下载\audio_pairs_2s\subcategory_pairs\sub_Telephone bell ringing_3Kb4RHaZpxo_1+Computer keyboard_24tWz7gmngI_1.wav,1,0,0.26087090373039246,0.11218379437923431,0.14868710935115814,0,0.03357963058858357,0.012254043334320237,0
yanxingzhuo,3,a097.wav,"sub_Female speech, woman speaking_7761uBKNpd8_1+Computer keyboard_whOLzTgCJds_1.wav","D:\D\research\audioset下载\audio_pairs_2s\subcategory_pairs\sub_Female speech, woman speaking_7761uBKNpd8_1+Computer keyboard_whOLzTgCJds_1.wav",1,0,0.18020597100257874,0.17951758205890656,0.0006883889436721802,0,0.022206402297783024,0.017542052869595218,0
yanxingzhuo,3,a098.wav,"sub_Helicopter_z4HX8-du2nQ_1+Male speech, man speaking_1OFDyTzUj24_1.wav","D:\D\research\audioset下载\audio_pairs_2s\subcategory_pairs\sub_Helicopter_z4HX8-du2nQ_1+Male speech, man speaking_1OFDyTzUj24_1.wav",2,1,0.2374526411294937,0.21842926740646362,0.01902337372303009,0,0.0337619871616582,0.017769420048526056,0
yanxingzhuo,3,a099.wav,sub_Computer keyboard_iyroRIRrXUw_1+Bass drum_2CidaVnd60g_1.wav,D:\D\research\audioset下载\audio_pairs_2s\subcategory_pairs\sub_Computer keyboard_iyroRIRrXUw_1+Bass drum_2CidaVnd60g_1.wav,2,1,0.14235903322696686,0.2412586659193039,-0.09889963269233704,1,0.00704593463919413,0.011914565604317882,1
yanxingzhuo,3,a100.wav,"sub_Bass drum_ME7TYB3B27o_1+Baby cry, infant cry_hC7sSMWLwDo_1.wav","D:\D\research\audioset下载\audio_pairs_2s\subcategory_pairs\sub_Bass drum_ME7TYB3B27o_1+Baby cry, infant cry_hC7sSMWLwDo_1.wav",1,0,0.0853940099477768,0.42617666721343994,-0.34078265726566315,1,0.02401981197644108,0.01730174188439675,0
yanxingzhuo,3,a101.wav,"sub_Baby cry, infant cry_P02Zdk3amjk_1+Male speech, man speaking_QNRche7AZkM_1.wav","D:\D\research\audioset下载\audio_pairs_2s\subcategory_pairs\sub_Baby cry, infant cry_P02Zdk3amjk_1+Male speech, man speaking_QNRche7AZkM_1.wav",2,1,0.23120436072349548,0.23521149158477783,-0.004007130861282349,1,0.015565673916010218,0.022952383940606072,1
yanxingzhuo,3,a102.wav,sub_Telephone bell ringing_HhP9eZ8cNIY_1+Bass drum_3k8zGf8Btfo_1.wav,D:\D\research\audioset下载\audio_pairs_2s\subcategory_pairs\sub_Telephone bell ringing_HhP9eZ8cNIY_1+Bass drum_3k8zGf8Btfo_1.wav,1,0,0.18631279468536377,0.20558224618434906,-0.01926945149898529,1,0.026080087313384768,0.0246707653126498,0
yanxingzhuo,3,a103.wav,"sub_Helicopter_STdAr1JNXIU_1+Female speech, woman speaking_vuD0qyibQyQ_1.wav","D:\D\research\audioset下载\audio_pairs_2s\subcategory_pairs\sub_Helicopter_STdAr1JNXIU_1+Female speech, woman speaking_vuD0qyibQyQ_1.wav",2,1,0.1435829997062683,0.15355730056762695,-0.009974300861358643,1,0.029006276749442308,0.027836392522283607,0
yanxingzhuo,3,a104.wav,sub_Telephone bell ringing__xuq9rBndUE_1+Helicopter_9nsLTLNvOSw_1.wav,D:\D\research\audioset下载\audio_pairs_2s\subcategory_pairs\sub_Telephone bell ringing__xuq9rBndUE_1+Helicopter_9nsLTLNvOSw_1.wav,1,0,0.18790365755558014,0.2349580079317093,-0.04705435037612915,1,0.022149481838608813,0.02953913877489413,1
yanxingzhuo,3,a105.wav,"sub_Male speech, man speaking_gPaoJv-NrEU_1+Bass drum_JesyktMT-Dk_1.wav","D:\D\research\audioset下载\audio_pairs_2s\subcategory_pairs\sub_Male speech, man speaking_gPaoJv-NrEU_1+Bass drum_JesyktMT-Dk_1.wav",1,0,0.20261499285697937,0.1732480674982071,0.029366925358772278,0,0.031558803978028384,0.02185939767935835,0
yanxingzhuo,3,a106.wav,"sub_Female speech, woman speaking_EQ91XVsmq-I_1+Bass drum_1rJWW_KqeAw_1.wav","D:\D\research\audioset下载\audio_pairs_2s\subcategory_pairs\sub_Female speech, woman speaking_EQ91XVsmq-I_1+Bass drum_1rJWW_KqeAw_1.wav",1,0,0.24911892414093018,0.22193044424057007,0.027188479900360107,0,0.027686756367876732,0.026895034446554646,0
yanxingzhuo,3,a107.wav,sub_Helicopter_Wr44Q8MQHL0_1+Telephone bell ringing_HhP9eZ8cNIY_1.wav,D:\D\research\audioset下载\audio_pairs_2s\subcategory_pairs\sub_Helicopter_Wr44Q8MQHL0_1+Telephone bell ringing_HhP9eZ8cNIY_1.wav,2,1,0.07292193174362183,0.18631279468536377,-0.11339086294174194,1,0.03258769751000481,0.026080087313384768,0
yanxingzhuo,3,a108.wav,sub_Telephone bell ringing_P-QOd_28o9c_1+Helicopter_5slM2JWYnBw_1.wav,D:\D\research\audioset下载\audio_pairs_2s\subcategory_pairs\sub_Telephone bell ringing_P-QOd_28o9c_1+Helicopter_5slM2JWYnBw_1.wav,2,1,-0.07122160494327545,0.12392202019691467,-0.19514362514019012,1,0.02489902672598854,0.027147148312238953,1
yanxingzhuo,3,a109.wav,"sub_Helicopter_wjmMSonpdT0_1+Baby cry, infant cry_PVSHN_arz2k_1.wav","D:\D\research\audioset下载\audio_pairs_2s\subcategory_pairs\sub_Helicopter_wjmMSonpdT0_1+Baby cry, infant cry_PVSHN_arz2k_1.wav",1,0,0.11495975404977798,0.30947425961494446,-0.19451450556516647,1,0.04073498858275951,0.021125368473135623,0
yanxingzhuo,3,a110.wav,sub_Telephone bell ringing_JUL2kqVi4qI_1+Sad music_6CaZAITdAsk_1.wav,D:\D\research\audioset下载\audio_pairs_2s\subcategory_pairs\sub_Telephone bell ringing_JUL2kqVi4qI_1+Sad music_6CaZAITdAsk_1.wav,1,0,0.242732435464859,0.20593127608299255,0.036801159381866455,0,0.03142276891838854,0.034457693973890785,1
yanxingzhuo,3,a111.wav,"sub_Male speech, man speaking_gPaoJv-NrEU_1+Baby cry, infant cry_tk4s-nlhmEQ_1.wav","D:\D\research\audioset下载\audio_pairs_2s\subcategory_pairs\sub_Male speech, man speaking_gPaoJv-NrEU_1+Baby cry, infant cry_tk4s-nlhmEQ_1.wav",2,1,0.20261499285697937,0.3513612151145935,-0.14874622225761414,1,0.031558803978028384,0.02361603505027917,0
yanxingzhuo,3,a112.wav,sub_Telephone bell ringing__xuq9rBndUE_1+Bass drum_J6T4OwacRL0_1.wav,D:\D\research\audioset下载\audio_pairs_2s\subcategory_pairs\sub_Telephone bell ringing__xuq9rBndUE_1+Bass drum_J6T4OwacRL0_1.wav,1,0,0.18790365755558014,0.15612220764160156,0.03178144991397858,0,0.022149481838608813,0.027513031138971057,1
yanxingzhuo,3,a113.wav,sub_Helicopter_xY4YrFk_PI8_1+Telephone bell ringing_TYc_q463LvA_1.wav,D:\D\research\audioset下载\audio_pairs_2s\subcategory_pairs\sub_Helicopter_xY4YrFk_PI8_1+Telephone bell ringing_TYc_q463LvA_1.wav,2,1,0.19636589288711548,0.19335827231407166,0.0030076205730438232,0,0.034454023038013704,0.028891460415676723,0
yanxingzhuo,3,a114.wav,sub_Computer keyboard_Ti0Ck0xTdw4_1+Telephone bell ringing_wg0LlkP_K3c_1.wav,D:\D\research\audioset下载\audio_pairs_2s\subcategory_pairs\sub_Computer keyboard_Ti0Ck0xTdw4_1+Telephone bell ringing_wg0LlkP_K3c_1.wav,2,1,0.2991736829280853,0.16630646586418152,0.1328672170639038,0,0.006035326468433831,0.019311372092620703,1
yanxingzhuo,3,a115.wav,"sub_Male speech, man speaking_9wkgTdE7nz8_1+Telephone bell ringing_cQci9o1C4UY_1.wav","D:\D\research\audioset下载\audio_pairs_2s\subcategory_pairs\sub_Male speech, man speaking_9wkgTdE7nz8_1+Telephone bell ringing_cQci9o1C4UY_1.wav",1,0,0.2461727261543274,0.24241432547569275,0.0037584006786346436,0,0.027226992821161686,0.023322889394370418,0
yanxingzhuo,3,a116.wav,sub_Sad music_xIdWJyhWueE_1+Computer keyboard_HKN2548Ts6A_1.wav,D:\D\research\audioset下载\audio_pairs_2s\subcategory_pairs\sub_Sad music_xIdWJyhWueE_1+Computer keyboard_HKN2548Ts6A_1.wav,1,0,0.10191518068313599,0.22994369268417358,-0.1280285120010376,1,0.03972820822779523,0.015337957553431564,0
yanxingzhuo,3,a117.wav,sub_Computer keyboard_uLdRi__nG2c_1+Telephone bell ringing_8UQI59N-bAs_1.wav,D:\D\research\audioset下载\audio_pairs_2s\subcategory_pairs\sub_Computer keyboard_uLdRi__nG2c_1+Telephone bell ringing_8UQI59N-bAs_1.wav,2,1,0.1435331106185913,0.19591394066810608,-0.05238083004951477,1,0.009341872385155802,0.024386343738287998,1
yanxingzhuo,3,a118.wav,"sub_Bass drum_s9d-2nhuJCQ_1+Baby cry, infant cry_ZnGO4o9SqHY_1.wav","D:\D\research\audioset下载\audio_pairs_2s\subcategory_pairs\sub_Bass drum_s9d-2nhuJCQ_1+Baby cry, infant cry_ZnGO4o9SqHY_1.wav",1,0,0.16984310746192932,0.17951032519340515,-0.00966721773147583,1,0.030581892923815992,0.02052144823027912,0
yanxingzhuo,3,a119.wav,sub_Telephone bell ringing_HhP9eZ8cNIY_1+Computer keyboard_PZACLpEasFU_1.wav,D:\D\research\audioset下载\audio_pairs_2s\subcategory_pairs\sub_Telephone bell ringing_HhP9eZ8cNIY_1+Computer keyboard_PZACLpEasFU_1.wav,1,0,0.18631279468536377,0.21231141686439514,-0.025998622179031372,1,0.026080087313384768,0.00892444578687077,0
yanxingzhuo,3,a120.wav,"sub_Female speech, woman speaking_7761uBKNpd8_1+Sad music_lmrzR9cSMRY_1.wav","D:\D\research\audioset下载\audio_pairs_2s\subcategory_pairs\sub_Female speech, woman speaking_7761uBKNpd8_1+Sad music_lmrzR9cSMRY_1.wav",1,0,0.18020597100257874,0.15623514354228973,0.023970827460289,0,0.022206402297783024,0.027547265220659412,1
yanxingzhuo,3,a121.wav,"sub_Baby cry, infant cry_2eWobSpugTw_1+Female speech, woman speaking_J5_m9Ee6A6M_1.wav","D:\D\research\audioset下载\audio_pairs_2s\subcategory_pairs\sub_Baby cry, infant cry_2eWobSpugTw_1+Female speech, woman speaking_J5_m9Ee6A6M_1.wav",2,1,0.36616450548171997,0.06107553094625473,0.30508897453546524,0,0.017638425939089094,0.008221909032821417,0
yanxingzhuo,3,a122.wav,"sub_Baby cry, infant cry_s_Le6PwhssI_1+Female speech, woman speaking_-1LQP2wemiQ_1.wav","D:\D\research\audioset下载\audio_pairs_2s\subcategory_pairs\sub_Baby cry, infant cry_s_Le6PwhssI_1+Female speech, woman speaking_-1LQP2wemiQ_1.wav",2,1,0.32947874069213867,0.20875146985054016,0.12072727084159851,0,0.02123882576390495,0.017467544211007387,0
yanxingzhuo,3,a123.wav,"sub_Bass drum_mHRF_-IOT2s_1+Female speech, woman speaking_2ofK2gAQue4_1.wav","D:\D\research\audioset下载\audio_pairs_2s\subcategory_pairs\sub_Bass drum_mHRF_-IOT2s_1+Female speech, woman speaking_2ofK2gAQue4_1.wav",1,0,0.15502899885177612,0.22387957572937012,-0.068850576877594,1,0.0245993923397595,0.006277651219279194,0
yanxingzhuo,3,a124.wav,"sub_Female speech, woman speaking_ytUznPL6d4E_1+Telephone bell ringing_TYc_q463LvA_1.wav","D:\D\research\audioset下载\audio_pairs_2s\subcategory_pairs\sub_Female speech, woman speaking_ytUznPL6d4E_1+Telephone bell ringing_TYc_q463LvA_1.wav",2,1,0.13982096314430237,0.19335827231407166,-0.05353730916976929,1,0.029289292324969775,0.028891460415676723,0
yanxingzhuo,3,a125.wav,sub_Sad music_-f6s6kQEHFY_1+Computer keyboard_PZACLpEasFU_1.wav,D:\D\research\audioset下载\audio_pairs_2s\subcategory_pairs\sub_Sad music_-f6s6kQEHFY_1+Computer keyboard_PZACLpEasFU_1.wav,1,0,0.1900234818458557,0.21231141686439514,-0.02228793501853943,1,0.028806453982167336,0.00892444578687077,0
yanxingzhuo,3,a126.wav,"sub_Baby cry, infant cry_z15CKEUxkEg_1+Computer keyboard_g3kkGbxwSLQ_1.wav","D:\D\research\audioset下载\audio_pairs_2s\subcategory_pairs\sub_Baby cry, infant cry_z15CKEUxkEg_1+Computer keyboard_g3kkGbxwSLQ_1.wav",1,0,0.3207845389842987,0.17975765466690063,0.14102688431739807,0,0.026606538561588126,0.012677980974684219,0
yanxingzhuo,3,a127.wav,sub_Helicopter_GO_1gBjIR1c_1+Sad music_qZkM3QaeaUM_1.wav,D:\D\research\audioset下载\audio_pairs_2s\subcategory_pairs\sub_Helicopter_GO_1gBjIR1c_1+Sad music_qZkM3QaeaUM_1.wav,1,0,0.19670447707176208,0.1707686483860016,0.025935828685760498,0,0.04695372131513407,0.028783565108194607,0
yanxingzhuo,3,a128.wav,sub_Computer keyboard_z2-3fMOOexU_1+Bass drum_p5i3sd1uubo_1.wav,D:\D\research\audioset下载\audio_pairs_2s\subcategory_pairs\sub_Computer keyboard_z2-3fMOOexU_1+Bass drum_p5i3sd1uubo_1.wav,1,0,0.0750311017036438,0.27660253643989563,-0.20157143473625183,1,0.015737021213874106,0.008981369588046888,0
yanxingzhuo,3,a129.wav,sub_Helicopter_BNrmXcZQ-p4_1+Sad music_vp6p45b-038_1.wav,D:\D\research\audioset下载\audio_pairs_2s\subcategory_pairs\sub_Helicopter_BNrmXcZQ-p4_1+Sad music_vp6p45b-038_1.wav,1,0,0.20046581327915192,0.132741317152977,0.06772449612617493,0,0.03015510155372596,0.029591921437119188,0
yanxingzhuo,3,a130.wav,sub_Bass drum_J6T4OwacRL0_1+Telephone bell ringing__xuq9rBndUE_1.wav,D:\D\research\audioset下载\audio_pairs_2s\subcategory_pairs\sub_Bass drum_J6T4OwacRL0_1+Telephone bell ringing__xuq9rBndUE_1.wav,2,1,0.15612220764160156,0.18790365755558014,-0.03178144991397858,1,0.027513031138971057,0.022149481838608813,0
yanxingzhuo,3,a131.wav,"sub_Female speech, woman speaking_a7WAfwKi88Q_1+Telephone bell ringing_JUL2kqVi4qI_1.wav","D:\D\research\audioset下载\audio_pairs_2s\subcategory_pairs\sub_Female speech, woman speaking_a7WAfwKi88Q_1+Telephone bell ringing_JUL2kqVi4qI_1.wav",1,0,0.11717846989631653,0.242732435464859,-0.12555396556854248,1,0.02096864244393639,0.03142276891838854,1
yanxingzhuo,3,a132.wav,"sub_Bass drum_ZuBxMCk0cco_1+Baby cry, infant cry_tk4s-nlhmEQ_1.wav","D:\D\research\audioset下载\audio_pairs_2s\subcategory_pairs\sub_Bass drum_ZuBxMCk0cco_1+Baby cry, infant cry_tk4s-nlhmEQ_1.wav",2,1,0.3037988245487213,0.3513612151145935,-0.04756239056587219,1,0.02588605783852958,0.02361603505027917,0
yanxingzhuo,3,a133.wav,"sub_Baby cry, infant cry_ZnGO4o9SqHY_1+Male speech, man speaking_mZ_z2lorJeY_1.wav","D:\D\research\audioset下载\audio_pairs_2s\subcategory_pairs\sub_Baby cry, infant cry_ZnGO4o9SqHY_1+Male speech, man speaking_mZ_z2lorJeY_1.wav",2,1,0.17951032519340515,-0.02197234332561493,0.20148266851902008,0,0.02052144823027912,0.01995634221517222,0
yanxingzhuo,3,a134.wav,"sub_Sad music_qZkM3QaeaUM_1+Female speech, woman speaking_7QnyKZe6VBA_1.wav","D:\D\research\audioset下载\audio_pairs_2s\subcategory_pairs\sub_Sad music_qZkM3QaeaUM_1+Female speech, woman speaking_7QnyKZe6VBA_1.wav",2,1,0.1707686483860016,0.17125552892684937,-0.0004868805408477783,1,0.028783565108194607,0.016932509190503625,0
yanxingzhuo,3,a135.wav,sub_Helicopter_bq6C0_tAbJM_1+Bass drum_OrYHuCwfvb4_1.wav,D:\D\research\audioset下载\audio_pairs_2s\subcategory_pairs\sub_Helicopter_bq6C0_tAbJM_1+Bass drum_OrYHuCwfvb4_1.wav,2,1,0.07397038489580154,0.19532236456871033,-0.12135197967290878,1,0.034009340396442364,0.039433855436534465,1
yanxingzhuo,3,a136.wav,"sub_Baby cry, infant cry_z15CKEUxkEg_1+Sad music_9aE33JEIGOg_1.wav","D:\D\research\audioset下载\audio_pairs_2s\subcategory_pairs\sub_Baby cry, infant cry_z15CKEUxkEg_1+Sad music_9aE33JEIGOg_1.wav",2,1,0.3207845389842987,0.2783162295818329,0.04246830940246582,0,0.026606538561588126,0.03993854029842428,1
yanxingzhuo,3,a137.wav,"sub_Female speech, woman speaking_2ofK2gAQue4_1+Bass drum_mHRF_-IOT2s_1.wav","D:\D\research\audioset下载\audio_pairs_2s\subcategory_pairs\sub_Female speech, woman speaking_2ofK2gAQue4_1+Bass drum_mHRF_-IOT2s_1.wav",1,0,0.22387957572937012,0.15502899885177612,0.068850576877594,0,0.006277651219279194,0.0245993923397595,1
yanxingzhuo,3,a138.wav,sub_Sad music_qZkM3QaeaUM_1+Helicopter_GO_1gBjIR1c_1.wav,D:\D\research\audioset下载\audio_pairs_2s\subcategory_pairs\sub_Sad music_qZkM3QaeaUM_1+Helicopter_GO_1gBjIR1c_1.wav,1,0,0.1707686483860016,0.19670447707176208,-0.025935828685760498,1,0.028783565108194607,0.04695372131513407,1
yanxingzhuo,3,a139.wav,"sub_Male speech, man speaking_H85puQUqrQY_1+Sad music_vp6p45b-038_1.wav","D:\D\research\audioset下载\audio_pairs_2s\subcategory_pairs\sub_Male speech, man speaking_H85puQUqrQY_1+Sad music_vp6p45b-038_1.wav",1,0,0.2335149198770523,0.132741317152977,0.10077360272407532,0,0.012301038367430928,0.029591921437119188,1
yanxingzhuo,3,a140.wav,"sub_Bass drum_uNpSMpqlkMA_1+Female speech, woman speaking_ytUznPL6d4E_1.wav","D:\D\research\audioset下载\audio_pairs_2s\subcategory_pairs\sub_Bass drum_uNpSMpqlkMA_1+Female speech, woman speaking_ytUznPL6d4E_1.wav",2,1,0.24160143733024597,0.13982096314430237,0.1017804741859436,0,0.014815168932340072,0.029289292324969775,1
yanxingzhuo,3,a141.wav,"sub_Baby cry, infant cry_P02Zdk3amjk_1+Sad music_I0q3IGmTkRo_1.wav","D:\D\research\audioset下载\audio_pairs_2s\subcategory_pairs\sub_Baby cry, infant cry_P02Zdk3amjk_1+Sad music_I0q3IGmTkRo_1.wav",1,0,0.23120436072349548,0.167400062084198,0.06380429863929749,0,0.015565673916010218,0.03734753911287748,1
yanxingzhuo,3,a142.wav,sub_Helicopter_9nsLTLNvOSw_1+Telephone bell ringing__xuq9rBndUE_1.wav,D:\D\research\audioset下载\audio_pairs_2s\subcategory_pairs\sub_Helicopter_9nsLTLNvOSw_1+Telephone bell ringing__xuq9rBndUE_1.wav,1,0,0.2349580079317093,0.18790365755558014,0.04705435037612915,0,0.02953913877489413,0.022149481838608813,0
yanxingzhuo,3,a143.wav,"sub_Female speech, woman speaking_HPfBYRU8tVM_1+Telephone bell ringing_8bRQgDQyTNw_1.wav","D:\D\research\audioset下载\audio_pairs_2s\subcategory_pairs\sub_Female speech, woman speaking_HPfBYRU8tVM_1+Telephone bell ringing_8bRQgDQyTNw_1.wav",2,1,0.2102241814136505,0.17827099561691284,0.03195318579673767,0,0.027981318023461578,0.03428080792696428,1
yanxingzhuo,3,a144.wav,"sub_Male speech, man speaking_mZ_z2lorJeY_1+Helicopter_6_NEAEGeFIw_1.wav","D:\D\research\audioset下载\audio_pairs_2s\subcategory_pairs\sub_Male speech, man speaking_mZ_z2lorJeY_1+Helicopter_6_NEAEGeFIw_1.wav",2,1,-0.02197234332561493,0.1179148480296135,-0.13988719135522842,1,0.01995634221517222,0.03224426745635446,1
yanxingzhuo,3,a145.wav,"sub_Female speech, woman speaking_J5_m9Ee6A6M_1+Helicopter_8Fut6ZU85Fs_1.wav","D:\D\research\audioset下载\audio_pairs_2s\subcategory_pairs\sub_Female speech, woman speaking_J5_m9Ee6A6M_1+Helicopter_8Fut6ZU85Fs_1.wav",2,1,0.06107553094625473,0.1863502562046051,-0.12527472525835037,1,0.008221909032821417,0.031190049155566505,1
yanxingzhuo,3,a146.wav,"sub_Baby cry, infant cry_ZnGO4o9SqHY_1+Helicopter_R1zoAMguO3A_1.wav","D:\D\research\audioset下载\audio_pairs_2s\subcategory_pairs\sub_Baby cry, infant cry_ZnGO4o9SqHY_1+Helicopter_R1zoAMguO3A_1.wav",2,1,0.17951032519340515,0.2648676037788391,-0.08535727858543396,1,0.02052144823027912,0.03446795801768726,1
yanxingzhuo,3,a147.wav,"sub_Male speech, man speaking_W4acKG-KSTE_1+Sad music_Y7SoAXBFUew_1.wav","D:\D\research\audioset下载\audio_pairs_2s\subcategory_pairs\sub_Male speech, man speaking_W4acKG-KSTE_1+Sad music_Y7SoAXBFUew_1.wav",1,0,0.2639746069908142,0.07309752702713013,0.19087707996368408,0,0.016383123342230077,0.035617225143571886,1
yanxingzhuo,3,a148.wav,"sub_Telephone bell ringing_cQci9o1C4UY_1+Male speech, man speaking_9wkgTdE7nz8_1.wav","D:\D\research\audioset下载\audio_pairs_2s\subcategory_pairs\sub_Telephone bell ringing_cQci9o1C4UY_1+Male speech, man speaking_9wkgTdE7nz8_1.wav",1,0,0.24241432547569275,0.2461727261543274,-0.0037584006786346436,1,0.023322889394370418,0.027226992821161686,1
yanxingzhuo,3,a149.wav,sub_Sad music_eQTK2fo3RoE_1+Helicopter_q3W8UiycXe8_1.wav,D:\D\research\audioset下载\audio_pairs_2s\subcategory_pairs\sub_Sad music_eQTK2fo3RoE_1+Helicopter_q3W8UiycXe8_1.wav,1,0,0.07471414655447006,0.2725178599357605,-0.19780371338129044,1,0.0235679678418862,0.027024928730496865,1
yanxingzhuo,3,a150.wav,sub_Sad music_fZjQBgPD1Ys_1+Telephone bell ringing_HhP9eZ8cNIY_1.wav,D:\D\research\audioset下载\audio_pairs_2s\subcategory_pairs\sub_Sad music_fZjQBgPD1Ys_1+Telephone bell ringing_HhP9eZ8cNIY_1.wav,1,0,0.154634028673172,0.18631279468536377,-0.03167876601219177,1,0.03712812221299464,0.026080087313384768,0
yanxingzhuo,3,a151.wav,"sub_Computer keyboard_PuvTDLP8lwM_1+Baby cry, infant cry_QhUa5vXLlCI_1.wav","D:\D\research\audioset下载\audio_pairs_2s\subcategory_pairs\sub_Computer keyboard_PuvTDLP8lwM_1+Baby cry, infant cry_QhUa5vXLlCI_1.wav",1,0,0.09532952308654785,0.20123791694641113,-0.10590839385986328,1,0.013868379556728266,0.035361207469240014,1
yanxingzhuo,3,a152.wav,"sub_Bass drum_-bJPDtT31p0_1+Female speech, woman speaking_DpiGR6_i4Js_1.wav","D:\D\research\audioset下载\audio_pairs_2s\subcategory_pairs\sub_Bass drum_-bJPDtT31p0_1+Female speech, woman speaking_DpiGR6_i4Js_1.wav",2,1,0.1344626247882843,0.1872529536485672,-0.0527903288602829,1,0.026194569256150588,0.02007495085217987,0
yanxingzhuo,3,a153.wav,"sub_Female speech, woman speaking_1hba9jmspEQ_1+Telephone bell ringing_HhP9eZ8cNIY_1.wav","D:\D\research\audioset下载\audio_pairs_2s\subcategory_pairs\sub_Female speech, woman speaking_1hba9jmspEQ_1+Telephone bell ringing_HhP9eZ8cNIY_1.wav",1,0,0.24184013903141022,0.18631279468536377,0.05552734434604645,0,0.011205365322814239,0.026080087313384768,1
yanxingzhuo,3,a154.wav,"sub_Helicopter_5slM2JWYnBw_1+Male speech, man speaking_BuIMVqz85uk_1.wav","D:\D\research\audioset下载\audio_pairs_2s\subcategory_pairs\sub_Helicopter_5slM2JWYnBw_1+Male speech, man speaking_BuIMVqz85uk_1.wav",2,1,0.12392202019691467,0.22208231687545776,-0.09816029667854309,1,0.027147148312238953,0.034384155084835534,1
yanxingzhuo,3,a155.wav,"sub_Male speech, man speaking_Ky8aKwI522Q_1+Baby cry, infant cry_hC7sSMWLwDo_1.wav","D:\D\research\audioset下载\audio_pairs_2s\subcategory_pairs\sub_Male speech, man speaking_Ky8aKwI522Q_1+Baby cry, infant cry_hC7sSMWLwDo_1.wav",1,0,0.09816574305295944,0.42617666721343994,-0.3280109241604805,1,0.019951914097412596,0.01730174188439675,0
yanxingzhuo,3,a156.wav,sub_Telephone bell ringing_0ZAfYE4bgs8_1+Sad music_I0q3IGmTkRo_1.wav,D:\D\research\audioset下载\audio_pairs_2s\subcategory_pairs\sub_Telephone bell ringing_0ZAfYE4bgs8_1+Sad music_I0q3IGmTkRo_1.wav,1,0,0.15856918692588806,0.167400062084198,-0.008830875158309937,1,0.011660886296134597,0.03734753911287748,1
yanxingzhuo,3,a157.wav,"sub_Sad music_Y7SoAXBFUew_1+Male speech, man speaking_W4acKG-KSTE_1.wav","D:\D\research\audioset下载\audio_pairs_2s\subcategory_pairs\sub_Sad music_Y7SoAXBFUew_1+Male speech, man speaking_W4acKG-KSTE_1.wav",2,1,0.07309752702713013,0.2639746069908142,-0.19087707996368408,1,0.035617225143571886,0.016383123342230077,0
yanxingzhuo,3,a158.wav,sub_Telephone bell ringing_8bRQgDQyTNw_1+Helicopter_GO_1gBjIR1c_1.wav,D:\D\research\audioset下载\audio_pairs_2s\subcategory_pairs\sub_Telephone bell ringing_8bRQgDQyTNw_1+Helicopter_GO_1gBjIR1c_1.wav,1,0,0.17827099561691284,0.19670447707176208,-0.018433481454849243,1,0.03428080792696428,0.04695372131513407,1
yanxingzhuo,3,a159.wav,"sub_Baby cry, infant cry_XZ5oHxjfHKY_1+Helicopter_GO_1gBjIR1c_1.wav","D:\D\research\audioset下载\audio_pairs_2s\subcategory_pairs\sub_Baby cry, infant cry_XZ5oHxjfHKY_1+Helicopter_GO_1gBjIR1c_1.wav",2,1,0.3260090947151184,0.19670447707176208,0.12930461764335632,0,0.012037681483777415,0.04695372131513407,1
yanxingzhuo,3,a160.wav,"sub_Bass drum_CeA8--FUxYg_1+Male speech, man speaking_Fihamhv6TJo_1.wav","D:\D\research\audioset下载\audio_pairs_2s\subcategory_pairs\sub_Bass drum_CeA8--FUxYg_1+Male speech, man speaking_Fihamhv6TJo_1.wav",2,1,0.16762380301952362,0.12907478213310242,0.038549020886421204,0,0.019618701383368096,0.02744716012223882,1
